http://cgi.di.uoa.gr/witcher/resource/A_Greedy_God	http://cgi.di.uoa.gr/witcher/ontology#previous	http://cgi.di.uoa.gr/witcher/resource/Wandering_in_the_Dark
http://cgi.di.uoa.gr/witcher/resource/Anselm_Fallen_Knight	http://cgi.di.uoa.gr/witcher/ontology#race	http://cgi.di.uoa.gr/witcher/resource/Human
http://cgi.di.uoa.gr/witcher/resource/The_Calm_Before_the_Storm	http://cgi.di.uoa.gr/witcher/ontology#next	http://cgi.di.uoa.gr/witcher/resource/Ugly_Baby
http://cgi.di.uoa.gr/witcher/resource/Gerd_witcher	http://cgi.di.uoa.gr/witcher/ontology#profession	http://cgi.di.uoa.gr/witcher/resource/Witcher
http://cgi.di.uoa.gr/witcher/resource/The_Black_Widow	http://cgi.di.uoa.gr/witcher/ontology#reward	http://cgi.di.uoa.gr/witcher/resource/Pompadoux_bracelet
http://cgi.di.uoa.gr/witcher/resource/The_Warble_of_a_Smitten_Knight	http://cgi.di.uoa.gr/witcher/ontology#region	http://cgi.di.uoa.gr/witcher/resource/Sansretour_Valley
http://cgi.di.uoa.gr/witcher/resource/The_Isle_of_Mists_quest	http://cgi.di.uoa.gr/witcher/ontology#location	http://cgi.di.uoa.gr/witcher/resource/Isle_of_Mists
http://cgi.di.uoa.gr/witcher/resource/Get_Junior	http://cgi.di.uoa.gr/witcher/ontology#enemies	http://cgi.di.uoa.gr/witcher/resource/Endrega_warrior
http://cgi.di.uoa.gr/witcher/resource/Durand_Faucher_Plamondon_de_Savarin	http://cgi.di.uoa.gr/witcher/ontology#race	http://cgi.di.uoa.gr/witcher/resource/Human
http://cgi.di.uoa.gr/witcher/resource/The_Price_of_Honor	http://cgi.di.uoa.gr/witcher/ontology#location	http://cgi.di.uoa.gr/witcher/resource/Harviken
http://cgi.di.uoa.gr/witcher/resource/Imlerith	http://cgi.di.uoa.gr/witcher/ontology#race	http://cgi.di.uoa.gr/witcher/resource/Aen_Elle
http://cgi.di.uoa.gr/witcher/resource/Herbalist_Coronata	http://cgi.di.uoa.gr/witcher/ontology#race	http://cgi.di.uoa.gr/witcher/resource/Human
http://cgi.di.uoa.gr/witcher/resource/Open_Sesame_Breaking_and_Entering	http://cgi.di.uoa.gr/witcher/ontology#region	http://cgi.di.uoa.gr/witcher/resource/Gustfields
http://cgi.di.uoa.gr/witcher/resource/Ox	http://cgi.di.uoa.gr/witcher/ontology#affiliations	http://cgi.di.uoa.gr/witcher/resource/Syanna_s_Gang
http://cgi.di.uoa.gr/witcher/resource/Holger_Blackhand	http://cgi.di.uoa.gr/witcher/ontology#race	http://cgi.di.uoa.gr/witcher/resource/Human
http://cgi.di.uoa.gr/witcher/resource/Vlodimir_von_Everec	http://cgi.di.uoa.gr/witcher/ontology#parents	http://cgi.di.uoa.gr/witcher/resource/Bohumil_von_Everec
http://cgi.di.uoa.gr/witcher/resource/Farid	http://cgi.di.uoa.gr/witcher/ontology#race	http://cgi.di.uoa.gr/witcher/resource/Human
http://cgi.di.uoa.gr/witcher/resource/The_Sunstone	http://cgi.di.uoa.gr/witcher/ontology#region	http://cgi.di.uoa.gr/witcher/resource/Ard_Skellig
http://cgi.di.uoa.gr/witcher/resource/Marcello_Clerici	http://cgi.di.uoa.gr/witcher/ontology#race	http://cgi.di.uoa.gr/witcher/resource/Human
http://cgi.di.uoa.gr/witcher/resource/The_Heroes_Pursuits_Fyresdal	http://cgi.di.uoa.gr/witcher/ontology#reward	http://cgi.di.uoa.gr/witcher/resource/Cavalry_saddle
http://cgi.di.uoa.gr/witcher/resource/Captain_Wolverstone	http://cgi.di.uoa.gr/witcher/ontology#race	http://cgi.di.uoa.gr/witcher/resource/Human
http://cgi.di.uoa.gr/witcher/resource/Merchant_Fish_Market	http://cgi.di.uoa.gr/witcher/ontology#race	http://cgi.di.uoa.gr/witcher/resource/Human
http://cgi.di.uoa.gr/witcher/resource/Fake_Papers	http://cgi.di.uoa.gr/witcher/ontology#reward	http://cgi.di.uoa.gr/witcher/resource/Transit_pass
http://cgi.di.uoa.gr/witcher/resource/Contract_Bovine_Blues	http://cgi.di.uoa.gr/witcher/ontology#reward	http://cgi.di.uoa.gr/witcher/resource/Slyzard_trophy
http://cgi.di.uoa.gr/witcher/resource/Tedd_Deireadh_The_Final_Age	http://cgi.di.uoa.gr/witcher/ontology#next	http://cgi.di.uoa.gr/witcher/resource/Something_Ends_Something_Begins_quest
http://cgi.di.uoa.gr/witcher/resource/Brewess	http://cgi.di.uoa.gr/witcher/ontology#relative	http://cgi.di.uoa.gr/witcher/resource/Weavess
http://cgi.di.uoa.gr/witcher/resource/Bohumil_von_Everec	http://cgi.di.uoa.gr/witcher/ontology#family	http://cgi.di.uoa.gr/witcher/resource/House_of_Everec
http://cgi.di.uoa.gr/witcher/resource/Iorweth	http://cgi.di.uoa.gr/witcher/ontology#affiliations	http://cgi.di.uoa.gr/witcher/resource/Letho
http://cgi.di.uoa.gr/witcher/resource/Blood_Simple	http://cgi.di.uoa.gr/witcher/ontology#enemies	http://cgi.di.uoa.gr/witcher/resource/Alp
http://cgi.di.uoa.gr/witcher/resource/Abandoned_Sawmill_quest	http://cgi.di.uoa.gr/witcher/ontology#location	http://cgi.di.uoa.gr/witcher/resource/Abandoned_Sawmill_location
http://cgi.di.uoa.gr/witcher/resource/Open_Sesame_Breaking_and_Entering	http://cgi.di.uoa.gr/witcher/ontology#location	http://cgi.di.uoa.gr/witcher/resource/Carsten
http://cgi.di.uoa.gr/witcher/resource/Scavenger_Hunt_Bear_School_Gear_Part_3	http://cgi.di.uoa.gr/witcher/ontology#enemies	http://cgi.di.uoa.gr/witcher/resource/Nekker_warrior
http://cgi.di.uoa.gr/witcher/resource/Kurt_Dysart	http://cgi.di.uoa.gr/witcher/ontology#titles	http://cgi.di.uoa.gr/witcher/resource/Anchor
http://cgi.di.uoa.gr/witcher/resource/Wandering_merchant_Skellige	http://cgi.di.uoa.gr/witcher/ontology#profession	http://cgi.di.uoa.gr/witcher/resource/The_Witcher_3_merchants
http://cgi.di.uoa.gr/witcher/resource/Stephen_von_Eyegrid	http://cgi.di.uoa.gr/witcher/ontology#family	http://cgi.di.uoa.gr/witcher/resource/House_of_Eyegrid
http://cgi.di.uoa.gr/witcher/resource/Hrodeberth	http://cgi.di.uoa.gr/witcher/ontology#affiliations	http://cgi.di.uoa.gr/witcher/resource/Nazairi_Brigade
http://cgi.di.uoa.gr/witcher/resource/An_Unfortunate_Turn_of_Events	http://cgi.di.uoa.gr/witcher/ontology#location	http://cgi.di.uoa.gr/witcher/resource/Fireburst_Harbor
http://cgi.di.uoa.gr/witcher/resource/The_Heroes_Pursuits_For_the_Goddess_Glory	http://cgi.di.uoa.gr/witcher/ontology#previous	http://cgi.di.uoa.gr/witcher/resource/The_Heroes_Pursuits_Fayrlund
http://cgi.di.uoa.gr/witcher/resource/Aiden	http://cgi.di.uoa.gr/witcher/ontology#profession	http://cgi.di.uoa.gr/witcher/resource/Witcher
http://cgi.di.uoa.gr/witcher/resource/Open_Sesame_Hearts_of_Stone	http://cgi.di.uoa.gr/witcher/ontology#previous	http://cgi.di.uoa.gr/witcher/resource/Evil_s_Soft_First_Touches
http://cgi.di.uoa.gr/witcher/resource/Reason_of_State	http://cgi.di.uoa.gr/witcher/ontology#previous	http://cgi.di.uoa.gr/witcher/resource/A_Deadly_Plot
http://cgi.di.uoa.gr/witcher/resource/Albert_Vegelbud	http://cgi.di.uoa.gr/witcher/ontology#family	http://cgi.di.uoa.gr/witcher/resource/Vegelbud_family
http://cgi.di.uoa.gr/witcher/resource/A_Costly_Mistake	http://cgi.di.uoa.gr/witcher/ontology#region	http://cgi.di.uoa.gr/witcher/resource/Velen
http://cgi.di.uoa.gr/witcher/resource/Lil_Bleater	http://cgi.di.uoa.gr/witcher/ontology#species	http://cgi.di.uoa.gr/witcher/resource/Goat
http://cgi.di.uoa.gr/witcher/resource/Ciri	http://cgi.di.uoa.gr/witcher/ontology#profession	http://cgi.di.uoa.gr/witcher/resource/Witcher
http://cgi.di.uoa.gr/witcher/resource/Scavenger_Hunt_Wolf_School_Gear	http://cgi.di.uoa.gr/witcher/ontology#location	http://cgi.di.uoa.gr/witcher/resource/Bastion
http://cgi.di.uoa.gr/witcher/resource/Henri_III	http://cgi.di.uoa.gr/witcher/ontology#titles	http://cgi.di.uoa.gr/witcher/resource/Toussaint
http://cgi.di.uoa.gr/witcher/resource/Kristina_von_Everec	http://cgi.di.uoa.gr/witcher/ontology#children	http://cgi.di.uoa.gr/witcher/resource/Olgierd_von_Everec
http://cgi.di.uoa.gr/witcher/resource/Guelue	http://cgi.di.uoa.gr/witcher/ontology#race	http://cgi.di.uoa.gr/witcher/resource/Human
http://cgi.di.uoa.gr/witcher/resource/Pyres_of_Novigrad	http://cgi.di.uoa.gr/witcher/ontology#next	http://cgi.di.uoa.gr/witcher/resource/Novigrad_Dreaming
http://cgi.di.uoa.gr/witcher/resource/Scavenger_Hunt_Viper_School_Gear	http://cgi.di.uoa.gr/witcher/ontology#location	http://cgi.di.uoa.gr/witcher/resource/White_Orchard_cemetery
http://cgi.di.uoa.gr/witcher/resource/Suzanna_von_Esteken	http://cgi.di.uoa.gr/witcher/ontology#family	http://cgi.di.uoa.gr/witcher/resource/House_of_Esteken
http://cgi.di.uoa.gr/witcher/resource/Humbert_Reardon	http://cgi.di.uoa.gr/witcher/ontology#name	http://cgi.di.uoa.gr/witcher/resource/Human
http://cgi.di.uoa.gr/witcher/resource/Cerys_an_Craite	http://cgi.di.uoa.gr/witcher/ontology#parents	http://cgi.di.uoa.gr/witcher/resource/Crach_an_Craite
http://cgi.di.uoa.gr/witcher/resource/Berengar_s_Blade	http://cgi.di.uoa.gr/witcher/ontology#region	http://cgi.di.uoa.gr/witcher/resource/Kaer_Morhen_valley
http://cgi.di.uoa.gr/witcher/resource/Atlan_Kerk	http://cgi.di.uoa.gr/witcher/ontology#status	http://cgi.di.uoa.gr/witcher/resource/Battle_of_Sodden_Hill
http://cgi.di.uoa.gr/witcher/resource/Face_Me_if_You_Dare	http://cgi.di.uoa.gr/witcher/ontology#region	http://cgi.di.uoa.gr/witcher/resource/Farcorners
http://cgi.di.uoa.gr/witcher/resource/Fists_of_Fury_Skellige	http://cgi.di.uoa.gr/witcher/ontology#reward	http://cgi.di.uoa.gr/witcher/resource/Gwestog
http://cgi.di.uoa.gr/witcher/resource/Saint_Gregory	http://cgi.di.uoa.gr/witcher/ontology#race	http://cgi.di.uoa.gr/witcher/resource/Human
http://cgi.di.uoa.gr/witcher/resource/Broken_Flowers	http://cgi.di.uoa.gr/witcher/ontology#location	http://cgi.di.uoa.gr/witcher/resource/The_Kingfisher_Inn
http://cgi.di.uoa.gr/witcher/resource/A_Bard_s_Beloved	http://cgi.di.uoa.gr/witcher/ontology#location	http://cgi.di.uoa.gr/witcher/resource/Palisade
http://cgi.di.uoa.gr/witcher/resource/Mikel	http://cgi.di.uoa.gr/witcher/ontology#race	http://cgi.di.uoa.gr/witcher/resource/Human
http://cgi.di.uoa.gr/witcher/resource/Burlap_is_the_New_Stripe	http://cgi.di.uoa.gr/witcher/ontology#region	http://cgi.di.uoa.gr/witcher/resource/Beauclair_Port
http://cgi.di.uoa.gr/witcher/resource/Innkeep_Inn_at_the_Crossroads	http://cgi.di.uoa.gr/witcher/ontology#race	http://cgi.di.uoa.gr/witcher/resource/Human
http://cgi.di.uoa.gr/witcher/resource/Gaspar	http://cgi.di.uoa.gr/witcher/ontology#affiliations	http://cgi.di.uoa.gr/witcher/resource/Farid
http://cgi.di.uoa.gr/witcher/resource/Voltehre	http://cgi.di.uoa.gr/witcher/ontology#status	http://cgi.di.uoa.gr/witcher/resource/Old_Speartip
http://cgi.di.uoa.gr/witcher/resource/Witch_Hunter_Raids	http://cgi.di.uoa.gr/witcher/ontology#location	http://cgi.di.uoa.gr/witcher/resource/Farcorners
http://cgi.di.uoa.gr/witcher/resource/Ratibor_von_Everec	http://cgi.di.uoa.gr/witcher/ontology#race	http://cgi.di.uoa.gr/witcher/resource/Human
http://cgi.di.uoa.gr/witcher/resource/Ben_of_Kovir	http://cgi.di.uoa.gr/witcher/ontology#race	http://cgi.di.uoa.gr/witcher/resource/Human
http://cgi.di.uoa.gr/witcher/resource/Battlefield_Loot	http://cgi.di.uoa.gr/witcher/ontology#location	http://cgi.di.uoa.gr/witcher/resource/Eternal_Fire_Chapel
http://cgi.di.uoa.gr/witcher/resource/Coast_of_Wrecks_quest	http://cgi.di.uoa.gr/witcher/ontology#enemies	http://cgi.di.uoa.gr/witcher/resource/Drowner
http://cgi.di.uoa.gr/witcher/resource/Janne	http://cgi.di.uoa.gr/witcher/ontology#loot	http://cgi.di.uoa.gr/witcher/resource/Doppler_mutagen
http://cgi.di.uoa.gr/witcher/resource/Ulrich	http://cgi.di.uoa.gr/witcher/ontology#race	http://cgi.di.uoa.gr/witcher/resource/Human
http://cgi.di.uoa.gr/witcher/resource/Ernst_Goltz	http://cgi.di.uoa.gr/witcher/ontology#profession	http://cgi.di.uoa.gr/witcher/resource/Order_of_the_Flaming_Rose
http://cgi.di.uoa.gr/witcher/resource/Luc_Vegelbud	http://cgi.di.uoa.gr/witcher/ontology#relative	http://cgi.di.uoa.gr/witcher/resource/Erasmus_Vegelbud
http://cgi.di.uoa.gr/witcher/resource/Iorweth	http://cgi.di.uoa.gr/witcher/ontology#race	http://cgi.di.uoa.gr/witcher/resource/Elf
http://cgi.di.uoa.gr/witcher/resource/Uma	http://cgi.di.uoa.gr/witcher/ontology#aka	http://cgi.di.uoa.gr/witcher/resource/Avallac_h
http://cgi.di.uoa.gr/witcher/resource/Dandelion	http://cgi.di.uoa.gr/witcher/ontology#partner	http://cgi.di.uoa.gr/witcher/resource/Vespula
http://cgi.di.uoa.gr/witcher/resource/A_Mysterious_Passenger	http://cgi.di.uoa.gr/witcher/ontology#previous	http://cgi.di.uoa.gr/witcher/resource/The_Calm_Before_the_Storm
http://cgi.di.uoa.gr/witcher/resource/Practicum_in_Advanced_Alchemy	http://cgi.di.uoa.gr/witcher/ontology#location	http://cgi.di.uoa.gr/witcher/resource/Druids_Camp
http://cgi.di.uoa.gr/witcher/resource/Gar	http://cgi.di.uoa.gr/witcher/ontology#race	http://cgi.di.uoa.gr/witcher/resource/Human
http://cgi.di.uoa.gr/witcher/resource/Count_Reuven_s_Treasure	http://cgi.di.uoa.gr/witcher/ontology#next	http://cgi.di.uoa.gr/witcher/resource/The_Play_s_the_Thing
http://cgi.di.uoa.gr/witcher/resource/Merchant_Ursten	http://cgi.di.uoa.gr/witcher/ontology#race	http://cgi.di.uoa.gr/witcher/resource/Human
http://cgi.di.uoa.gr/witcher/resource/Ewald_Borsodi	http://cgi.di.uoa.gr/witcher/ontology#race	http://cgi.di.uoa.gr/witcher/resource/Human
http://cgi.di.uoa.gr/witcher/resource/Anselm_Fallen_Knight	http://cgi.di.uoa.gr/witcher/ontology#profession	http://cgi.di.uoa.gr/witcher/resource/Fisstech
http://cgi.di.uoa.gr/witcher/resource/Sommelier	http://cgi.di.uoa.gr/witcher/ontology#race	http://cgi.di.uoa.gr/witcher/resource/Human
http://cgi.di.uoa.gr/witcher/resource/Contract_The_Merry_Widow	http://cgi.di.uoa.gr/witcher/ontology#enemies	http://cgi.di.uoa.gr/witcher/resource/Mourntart
http://cgi.di.uoa.gr/witcher/resource/Crach_an_Craite	http://cgi.di.uoa.gr/witcher/ontology#titles	http://cgi.di.uoa.gr/witcher/resource/Ard_Skellig
http://cgi.di.uoa.gr/witcher/resource/Llinos_of_Metinna	http://cgi.di.uoa.gr/witcher/ontology#race	http://cgi.di.uoa.gr/witcher/resource/Human
http://cgi.di.uoa.gr/witcher/resource/Agnetha_Skold	http://cgi.di.uoa.gr/witcher/ontology#race	http://cgi.di.uoa.gr/witcher/resource/Human
http://cgi.di.uoa.gr/witcher/resource/Brothers_In_Arms_Velen	http://cgi.di.uoa.gr/witcher/ontology#previous	http://cgi.di.uoa.gr/witcher/resource/The_Isle_of_Mists_quest
http://cgi.di.uoa.gr/witcher/resource/Mignole	http://cgi.di.uoa.gr/witcher/ontology#profession	http://cgi.di.uoa.gr/witcher/resource/Vedyminaica
http://cgi.di.uoa.gr/witcher/resource/Payback	http://cgi.di.uoa.gr/witcher/ontology#location	http://cgi.di.uoa.gr/witcher/resource/The_Golden_Sturgeon
http://cgi.di.uoa.gr/witcher/resource/Hussar	http://cgi.di.uoa.gr/witcher/ontology#affiliations	http://cgi.di.uoa.gr/witcher/resource/Bastien_Vildenvert
http://cgi.di.uoa.gr/witcher/resource/A_Bard_s_Beloved	http://cgi.di.uoa.gr/witcher/ontology#region	http://cgi.di.uoa.gr/witcher/resource/Skellige
http://cgi.di.uoa.gr/witcher/resource/Eist_Tuirseach	http://cgi.di.uoa.gr/witcher/ontology#race	http://cgi.di.uoa.gr/witcher/resource/Human
http://cgi.di.uoa.gr/witcher/resource/Blacksmith_Silverton	http://cgi.di.uoa.gr/witcher/ontology#race	http://cgi.di.uoa.gr/witcher/resource/Human
http://cgi.di.uoa.gr/witcher/resource/Joël	http://cgi.di.uoa.gr/witcher/ontology#eye_color	http://cgi.di.uoa.gr/witcher/resource/Witcher
http://cgi.di.uoa.gr/witcher/resource/Out_of_the_Frying_Pan_into_the_Fire	http://cgi.di.uoa.gr/witcher/ontology#location	http://cgi.di.uoa.gr/witcher/resource/Mowshurst
http://cgi.di.uoa.gr/witcher/resource/Broddr	http://cgi.di.uoa.gr/witcher/ontology#race	http://cgi.di.uoa.gr/witcher/resource/Human
http://cgi.di.uoa.gr/witcher/resource/Novigrad_Dreaming	http://cgi.di.uoa.gr/witcher/ontology#location	http://cgi.di.uoa.gr/witcher/resource/Hierarch_Square
http://cgi.di.uoa.gr/witcher/resource/The_Royal_Air_Force	http://cgi.di.uoa.gr/witcher/ontology#region	http://cgi.di.uoa.gr/witcher/resource/Gustfields
http://cgi.di.uoa.gr/witcher/resource/Contract_The_Oxenfurt_Drunk	http://cgi.di.uoa.gr/witcher/ontology#region	http://cgi.di.uoa.gr/witcher/resource/Gustfields
http://cgi.di.uoa.gr/witcher/resource/Vilgefortz	http://cgi.di.uoa.gr/witcher/ontology#profession	http://cgi.di.uoa.gr/witcher/resource/Druid
http://cgi.di.uoa.gr/witcher/resource/Spooked_Mare	http://cgi.di.uoa.gr/witcher/ontology#enemies	http://cgi.di.uoa.gr/witcher/resource/Scoia_tael
http://cgi.di.uoa.gr/witcher/resource/Cregennan_of_Lod	http://cgi.di.uoa.gr/witcher/ontology#children	http://cgi.di.uoa.gr/witcher/resource/Riannon
http://cgi.di.uoa.gr/witcher/resource/The_Unseen_Elder	http://cgi.di.uoa.gr/witcher/ontology#culture	http://cgi.di.uoa.gr/witcher/resource/Gharasham
http://cgi.di.uoa.gr/witcher/resource/Vintner_s_Contract_Duchaton_Crest	http://cgi.di.uoa.gr/witcher/ontology#region	http://cgi.di.uoa.gr/witcher/resource/Gorgon_Foothills
http://cgi.di.uoa.gr/witcher/resource/Gwent_Skellige_Style	http://cgi.di.uoa.gr/witcher/ontology#location	http://cgi.di.uoa.gr/witcher/resource/Kaer_Muire
http://cgi.di.uoa.gr/witcher/resource/Vairmont_Jonne	http://cgi.di.uoa.gr/witcher/ontology#affiliations	http://cgi.di.uoa.gr/witcher/resource/Oxenfurt_Academy
http://cgi.di.uoa.gr/witcher/resource/Cregennan_of_Lod	http://cgi.di.uoa.gr/witcher/ontology#relative	http://cgi.di.uoa.gr/witcher/resource/Ciri
http://cgi.di.uoa.gr/witcher/resource/Hugo_Monnart	http://cgi.di.uoa.gr/witcher/ontology#family	http://cgi.di.uoa.gr/witcher/resource/Auguste_Monnart
http://cgi.di.uoa.gr/witcher/resource/Pyres_of_Novigrad	http://cgi.di.uoa.gr/witcher/ontology#region	http://cgi.di.uoa.gr/witcher/resource/Novigrad
http://cgi.di.uoa.gr/witcher/resource/The_Witchers_Forge	http://cgi.di.uoa.gr/witcher/ontology#enemies	http://cgi.di.uoa.gr/witcher/resource/Earth_Elemental
http://cgi.di.uoa.gr/witcher/resource/Gomo_Seeling	http://cgi.di.uoa.gr/witcher/ontology#race	http://cgi.di.uoa.gr/witcher/resource/Human
http://cgi.di.uoa.gr/witcher/resource/Envoys_Wineboys	http://cgi.di.uoa.gr/witcher/ontology#region	http://cgi.di.uoa.gr/witcher/resource/Velen
http://cgi.di.uoa.gr/witcher/resource/Moreelse	http://cgi.di.uoa.gr/witcher/ontology#affiliations	http://cgi.di.uoa.gr/witcher/resource/Witch_hunter
http://cgi.di.uoa.gr/witcher/resource/Out_On_Your_Arse	http://cgi.di.uoa.gr/witcher/ontology#location	http://cgi.di.uoa.gr/witcher/resource/Crippled_Kate_s
http://cgi.di.uoa.gr/witcher/resource/Yennefer_of_Vengerberg	http://cgi.di.uoa.gr/witcher/ontology#partner	http://cgi.di.uoa.gr/witcher/resource/Crach_an_Craite
http://cgi.di.uoa.gr/witcher/resource/Margot_de_Corentin	http://cgi.di.uoa.gr/witcher/ontology#race	http://cgi.di.uoa.gr/witcher/resource/Human
http://cgi.di.uoa.gr/witcher/resource/The_Lord_of_Undvik	http://cgi.di.uoa.gr/witcher/ontology#next	http://cgi.di.uoa.gr/witcher/resource/King_s_Gambit
http://cgi.di.uoa.gr/witcher/resource/Auwry	http://cgi.di.uoa.gr/witcher/ontology#race	http://cgi.di.uoa.gr/witcher/resource/Human
http://cgi.di.uoa.gr/witcher/resource/Practicum_in_Advanced_Alchemy	http://cgi.di.uoa.gr/witcher/ontology#location	http://cgi.di.uoa.gr/witcher/resource/Gedyneith
http://cgi.di.uoa.gr/witcher/resource/Honoratina_von_Everec	http://cgi.di.uoa.gr/witcher/ontology#partner	http://cgi.di.uoa.gr/witcher/resource/Kestatis_von_Everec
http://cgi.di.uoa.gr/witcher/resource/Ingrid_Vegelbud	http://cgi.di.uoa.gr/witcher/ontology#family	http://cgi.di.uoa.gr/witcher/resource/Vegelbud_family
http://cgi.di.uoa.gr/witcher/resource/Selyse	http://cgi.di.uoa.gr/witcher/ontology#race	http://cgi.di.uoa.gr/witcher/resource/Human
http://cgi.di.uoa.gr/witcher/resource/The_Final_Trial	http://cgi.di.uoa.gr/witcher/ontology#region	http://cgi.di.uoa.gr/witcher/resource/Kaer_Morhen
http://cgi.di.uoa.gr/witcher/resource/Wine_Wars_Vermentino	http://cgi.di.uoa.gr/witcher/ontology#enemies	http://cgi.di.uoa.gr/witcher/resource/Archespore
http://cgi.di.uoa.gr/witcher/resource/Carnal_Sins	http://cgi.di.uoa.gr/witcher/ontology#location	http://cgi.di.uoa.gr/witcher/resource/Novigrad_Morgue
http://cgi.di.uoa.gr/witcher/resource/Bald_Mountain_quest	http://cgi.di.uoa.gr/witcher/ontology#enemies	http://cgi.di.uoa.gr/witcher/resource/Whispess
http://cgi.di.uoa.gr/witcher/resource/Scavenger_Hunt_Cat_School_Gear_Part_4	http://cgi.di.uoa.gr/witcher/ontology#location	http://cgi.di.uoa.gr/witcher/resource/Kaer_Gelen
http://cgi.di.uoa.gr/witcher/resource/Ibrahim_Savi	http://cgi.di.uoa.gr/witcher/ontology#profession	http://cgi.di.uoa.gr/witcher/resource/Oxenfurt_Academy
http://cgi.di.uoa.gr/witcher/resource/Raging_Wolf	http://cgi.di.uoa.gr/witcher/ontology#location	http://cgi.di.uoa.gr/witcher/resource/Beauclair_Port
http://cgi.di.uoa.gr/witcher/resource/Otrygg_an_Hindar	http://cgi.di.uoa.gr/witcher/ontology#relative	http://cgi.di.uoa.gr/witcher/resource/Donar_an_Hindar
http://cgi.di.uoa.gr/witcher/resource/Scavenger_Hunt_Bear_School_Gear	http://cgi.di.uoa.gr/witcher/ontology#enemies	http://cgi.di.uoa.gr/witcher/resource/Drowner
http://cgi.di.uoa.gr/witcher/resource/A_Dangerous_Game	http://cgi.di.uoa.gr/witcher/ontology#location	http://cgi.di.uoa.gr/witcher/resource/The_Bits
http://cgi.di.uoa.gr/witcher/resource/Graham	http://cgi.di.uoa.gr/witcher/ontology#partner	http://cgi.di.uoa.gr/witcher/resource/Anabelle
http://cgi.di.uoa.gr/witcher/resource/The_Play_s_the_Thing	http://cgi.di.uoa.gr/witcher/ontology#previous	http://cgi.di.uoa.gr/witcher/resource/Count_Reuven_s_Treasure
http://cgi.di.uoa.gr/witcher/resource/Farting_Trolls	http://cgi.di.uoa.gr/witcher/ontology#region	http://cgi.di.uoa.gr/witcher/resource/Skellige
http://cgi.di.uoa.gr/witcher/resource/Harald_Featherbuns	http://cgi.di.uoa.gr/witcher/ontology#race	http://cgi.di.uoa.gr/witcher/resource/Human
http://cgi.di.uoa.gr/witcher/resource/Vilmar_bodyguard	http://cgi.di.uoa.gr/witcher/ontology#race	http://cgi.di.uoa.gr/witcher/resource/Human
http://cgi.di.uoa.gr/witcher/resource/Cyrus_Engelkind_Hemmelfart	http://cgi.di.uoa.gr/witcher/ontology#titles	http://cgi.di.uoa.gr/witcher/resource/Hierarch
http://cgi.di.uoa.gr/witcher/resource/Open_Sesame_The_Safecracker	http://cgi.di.uoa.gr/witcher/ontology#previous	http://cgi.di.uoa.gr/witcher/resource/Open_Sesame_Hearts_of_Stone
http://cgi.di.uoa.gr/witcher/resource/Contract_Missing_Brother	http://cgi.di.uoa.gr/witcher/ontology#enemies	http://cgi.di.uoa.gr/witcher/resource/Harrisi
http://cgi.di.uoa.gr/witcher/resource/Gustav_Roene	http://cgi.di.uoa.gr/witcher/ontology#race	http://cgi.di.uoa.gr/witcher/resource/Human
http://cgi.di.uoa.gr/witcher/resource/Whispess	http://cgi.di.uoa.gr/witcher/ontology#profession	http://cgi.di.uoa.gr/witcher/resource/Witch
http://cgi.di.uoa.gr/witcher/resource/Kestatis_von_Everec	http://cgi.di.uoa.gr/witcher/ontology#partner	http://cgi.di.uoa.gr/witcher/resource/Honoratina_von_Everec
http://cgi.di.uoa.gr/witcher/resource/Amadis_de_Trastamara	http://cgi.di.uoa.gr/witcher/ontology#race	http://cgi.di.uoa.gr/witcher/resource/Human
http://cgi.di.uoa.gr/witcher/resource/Jean_Luc	http://cgi.di.uoa.gr/witcher/ontology#image	http://cgi.di.uoa.gr/witcher/resource/Human
http://cgi.di.uoa.gr/witcher/resource/Blood_Gold	http://cgi.di.uoa.gr/witcher/ontology#reward	http://cgi.di.uoa.gr/witcher/resource/Diagram_Assassin_s_boots
http://cgi.di.uoa.gr/witcher/resource/Jerome_Moreau	http://cgi.di.uoa.gr/witcher/ontology#abilities	http://cgi.di.uoa.gr/witcher/resource/Alchemy
http://cgi.di.uoa.gr/witcher/resource/Ironsides_Treasure	http://cgi.di.uoa.gr/witcher/ontology#location	http://cgi.di.uoa.gr/witcher/resource/Faroe_Isle
http://cgi.di.uoa.gr/witcher/resource/Snake_figurine	http://cgi.di.uoa.gr/witcher/ontology#source	http://cgi.di.uoa.gr/witcher/resource/Of_Dairy_and_Darkness
http://cgi.di.uoa.gr/witcher/resource/Blindingly_Obvious	http://cgi.di.uoa.gr/witcher/ontology#next	http://cgi.di.uoa.gr/witcher/resource/The_Nobleman_Statuette
http://cgi.di.uoa.gr/witcher/resource/X_Marks_the_Spot	http://cgi.di.uoa.gr/witcher/ontology#location	http://cgi.di.uoa.gr/witcher/resource/Fayrlund
http://cgi.di.uoa.gr/witcher/resource/Novigrad_Dreaming	http://cgi.di.uoa.gr/witcher/ontology#location	http://cgi.di.uoa.gr/witcher/resource/The_Golden_Sturgeon
http://cgi.di.uoa.gr/witcher/resource/Rose_on_a_Red_Field	http://cgi.di.uoa.gr/witcher/ontology#location	http://cgi.di.uoa.gr/witcher/resource/Garin_Estate
http://cgi.di.uoa.gr/witcher/resource/Tuur	http://cgi.di.uoa.gr/witcher/ontology#affiliations	http://cgi.di.uoa.gr/witcher/resource/Fallen_Knight
http://cgi.di.uoa.gr/witcher/resource/Enchanting_Start_up_Costs	http://cgi.di.uoa.gr/witcher/ontology#region	http://cgi.di.uoa.gr/witcher/resource/Brunwich
http://cgi.di.uoa.gr/witcher/resource/A_Poet_Under_Pressure	http://cgi.di.uoa.gr/witcher/ontology#reward	http://cgi.di.uoa.gr/witcher/resource/Flawless_ruby
http://cgi.di.uoa.gr/witcher/resource/The_Price_of_Honor	http://cgi.di.uoa.gr/witcher/ontology#location	http://cgi.di.uoa.gr/witcher/resource/Faroe_Isle
http://cgi.di.uoa.gr/witcher/resource/Beyond_Hill_and_Dale	http://cgi.di.uoa.gr/witcher/ontology#enemies	http://cgi.di.uoa.gr/witcher/resource/Wicked_Witch
http://cgi.di.uoa.gr/witcher/resource/Ciri_s_Story_Out_of_the_Shadows	http://cgi.di.uoa.gr/witcher/ontology#next	http://cgi.di.uoa.gr/witcher/resource/Novigrad_Dreaming
http://cgi.di.uoa.gr/witcher/resource/Zoltan_Chivay	http://cgi.di.uoa.gr/witcher/ontology#affiliations	http://cgi.di.uoa.gr/witcher/resource/Mahakam_Volunteer_Army
http://cgi.di.uoa.gr/witcher/resource/Beyond_Hill_and_Dale	http://cgi.di.uoa.gr/witcher/ontology#enemies	http://cgi.di.uoa.gr/witcher/resource/Longlocks
http://cgi.di.uoa.gr/witcher/resource/Barber_The_Bits	http://cgi.di.uoa.gr/witcher/ontology#profession	http://cgi.di.uoa.gr/witcher/resource/Barber
http://cgi.di.uoa.gr/witcher/resource/Dune_Vildenvert	http://cgi.di.uoa.gr/witcher/ontology#relative	http://cgi.di.uoa.gr/witcher/resource/Bastien_Vildenvert
http://cgi.di.uoa.gr/witcher/resource/Scavenger_Hunt_Grandmaster_Feline_Gear	http://cgi.di.uoa.gr/witcher/ontology#location	http://cgi.di.uoa.gr/witcher/resource/Arthach_Palace_Ruins
http://cgi.di.uoa.gr/witcher/resource/Margarita_Laux_Antille	http://cgi.di.uoa.gr/witcher/ontology#affiliations	http://cgi.di.uoa.gr/witcher/resource/Lodge_of_Sorceresses
http://cgi.di.uoa.gr/witcher/resource/Armorer_Mont_Crane_Castle	http://cgi.di.uoa.gr/witcher/ontology#race	http://cgi.di.uoa.gr/witcher/resource/Human
http://cgi.di.uoa.gr/witcher/resource/Scavenger_Hunt_Griffin_School_Gear_Part_2	http://cgi.di.uoa.gr/witcher/ontology#enemies	http://cgi.di.uoa.gr/witcher/resource/Noonwraith
http://cgi.di.uoa.gr/witcher/resource/A_Dangerous_Game	http://cgi.di.uoa.gr/witcher/ontology#cutoff_quest	http://cgi.di.uoa.gr/witcher/resource/Brothers_In_Arms_Novigrad
http://cgi.di.uoa.gr/witcher/resource/Gregoire_de_Gorgon	http://cgi.di.uoa.gr/witcher/ontology#profession	http://cgi.di.uoa.gr/witcher/resource/Knight
http://cgi.di.uoa.gr/witcher/resource/Gretter	http://cgi.di.uoa.gr/witcher/ontology#race	http://cgi.di.uoa.gr/witcher/resource/Human
http://cgi.di.uoa.gr/witcher/resource/Hans_of_Cidaris	http://cgi.di.uoa.gr/witcher/ontology#profession	http://cgi.di.uoa.gr/witcher/resource/Mercenary
http://cgi.di.uoa.gr/witcher/resource/Kurisu	http://cgi.di.uoa.gr/witcher/ontology#race	http://cgi.di.uoa.gr/witcher/resource/Human
http://cgi.di.uoa.gr/witcher/resource/Gaspar	http://cgi.di.uoa.gr/witcher/ontology#race	http://cgi.di.uoa.gr/witcher/resource/Human
http://cgi.di.uoa.gr/witcher/resource/Barber_Tourney_Grounds	http://cgi.di.uoa.gr/witcher/ontology#race	http://cgi.di.uoa.gr/witcher/resource/Human
http://cgi.di.uoa.gr/witcher/resource/A_Dog_s_Life	http://cgi.di.uoa.gr/witcher/ontology#enemies	http://cgi.di.uoa.gr/witcher/resource/Wolf_creature
http://cgi.di.uoa.gr/witcher/resource/Pomp_and_Strange_Circumstance	http://cgi.di.uoa.gr/witcher/ontology#location	http://cgi.di.uoa.gr/witcher/resource/Beauclair_Palace
http://cgi.di.uoa.gr/witcher/resource/Hugo_Monnart	http://cgi.di.uoa.gr/witcher/ontology#parents	http://cgi.di.uoa.gr/witcher/resource/Victor_Monnart
http://cgi.di.uoa.gr/witcher/resource/Gwent_Skellige_Style	http://cgi.di.uoa.gr/witcher/ontology#reward	http://cgi.di.uoa.gr/witcher/resource/Draug_gwent_card
http://cgi.di.uoa.gr/witcher/resource/Destination_Skellige	http://cgi.di.uoa.gr/witcher/ontology#region	http://cgi.di.uoa.gr/witcher/resource/Skellige
http://cgi.di.uoa.gr/witcher/resource/Lucienne_von_Eyegrid	http://cgi.di.uoa.gr/witcher/ontology#race	http://cgi.di.uoa.gr/witcher/resource/Human
http://cgi.di.uoa.gr/witcher/resource/A_Final_Kindness	http://cgi.di.uoa.gr/witcher/ontology#region	http://cgi.di.uoa.gr/witcher/resource/Novigrad
http://cgi.di.uoa.gr/witcher/resource/Geralt_of_Rivia	http://cgi.di.uoa.gr/witcher/ontology#lookalike	http://cgi.di.uoa.gr/witcher/resource/Henry_Cavill
http://cgi.di.uoa.gr/witcher/resource/Something_Ends_Something_Begins_quest	http://cgi.di.uoa.gr/witcher/ontology#location	http://cgi.di.uoa.gr/witcher/resource/Broken_Bridge
http://cgi.di.uoa.gr/witcher/resource/The_Sad_Tale_of_the_Grossbart_Brothers	http://cgi.di.uoa.gr/witcher/ontology#location	http://cgi.di.uoa.gr/witcher/resource/Blandare
http://cgi.di.uoa.gr/witcher/resource/Blood_on_the_Battlefield	http://cgi.di.uoa.gr/witcher/ontology#location	http://cgi.di.uoa.gr/witcher/resource/Kaer_Morhen
http://cgi.di.uoa.gr/witcher/resource/Hidden_in_the_Depths	http://cgi.di.uoa.gr/witcher/ontology#location	http://cgi.di.uoa.gr/witcher/resource/Harviken
http://cgi.di.uoa.gr/witcher/resource/Emiel_Regis_Rohellec_Terzieff_Godefroy	http://cgi.di.uoa.gr/witcher/ontology#partner	http://cgi.di.uoa.gr/witcher/resource/Natanis
http://cgi.di.uoa.gr/witcher/resource/Ciri_s_Story_Out_of_the_Shadows	http://cgi.di.uoa.gr/witcher/ontology#next	http://cgi.di.uoa.gr/witcher/resource/Hunting_a_Witch
http://cgi.di.uoa.gr/witcher/resource/Contract_The_Creature_from_Oxenfurt_Forest	http://cgi.di.uoa.gr/witcher/ontology#reward	http://cgi.di.uoa.gr/witcher/resource/Archgriffin_mutagen
http://cgi.di.uoa.gr/witcher/resource/Merchant_Scoia_tael	http://cgi.di.uoa.gr/witcher/ontology#race	http://cgi.di.uoa.gr/witcher/resource/Elf
http://cgi.di.uoa.gr/witcher/resource/Scavenger_Hunt_Cat_School_Gear_Part_4	http://cgi.di.uoa.gr/witcher/ontology#location	http://cgi.di.uoa.gr/witcher/resource/Monster_den_Trottheim
http://cgi.di.uoa.gr/witcher/resource/Bald_Mountain_quest	http://cgi.di.uoa.gr/witcher/ontology#location	http://cgi.di.uoa.gr/witcher/resource/Road_to_Bald_Mountain
http://cgi.di.uoa.gr/witcher/resource/Suspicious_Shakedown	http://cgi.di.uoa.gr/witcher/ontology#previous	http://cgi.di.uoa.gr/witcher/resource/Pyres_of_Novigrad
http://cgi.di.uoa.gr/witcher/resource/Whispess	http://cgi.di.uoa.gr/witcher/ontology#abilities	http://cgi.di.uoa.gr/witcher/resource/Magic
http://cgi.di.uoa.gr/witcher/resource/Contract_Doors_Slamming_Shut	http://cgi.di.uoa.gr/witcher/ontology#reward	http://cgi.di.uoa.gr/witcher/resource/Earth_elemental_trophy
http://cgi.di.uoa.gr/witcher/resource/Mikula_orphan	http://cgi.di.uoa.gr/witcher/ontology#race	http://cgi.di.uoa.gr/witcher/resource/Human
http://cgi.di.uoa.gr/witcher/resource/Ugly_Baby	http://cgi.di.uoa.gr/witcher/ontology#location	http://cgi.di.uoa.gr/witcher/resource/Royal_Palace_Vizima
http://cgi.di.uoa.gr/witcher/resource/A_Midnight_Clear	http://cgi.di.uoa.gr/witcher/ontology#location	http://cgi.di.uoa.gr/witcher/resource/Brunwich
http://cgi.di.uoa.gr/witcher/resource/Contract_The_Creature_from_Oxenfurt_Forest	http://cgi.di.uoa.gr/witcher/ontology#location	http://cgi.di.uoa.gr/witcher/resource/Aeramas_Abandoned_Manor
http://cgi.di.uoa.gr/witcher/resource/Scavenger_Hunt_Grandmaster_Ursine_Gear	http://cgi.di.uoa.gr/witcher/ontology#location	http://cgi.di.uoa.gr/witcher/resource/Tufo
http://cgi.di.uoa.gr/witcher/resource/Abbé_Faria	http://cgi.di.uoa.gr/witcher/ontology#race	http://cgi.di.uoa.gr/witcher/resource/Human
http://cgi.di.uoa.gr/witcher/resource/Flesh_for_Sale	http://cgi.di.uoa.gr/witcher/ontology#reward	http://cgi.di.uoa.gr/witcher/resource/Diagram_Ban_Ard_breastplate
http://cgi.di.uoa.gr/witcher/resource/Contract_Skellige_s_Most_Wanted	http://cgi.di.uoa.gr/witcher/ontology#location	http://cgi.di.uoa.gr/witcher/resource/Fyresdal
http://cgi.di.uoa.gr/witcher/resource/Beyond_Hill_and_Dale	http://cgi.di.uoa.gr/witcher/ontology#enemies	http://cgi.di.uoa.gr/witcher/resource/Archespore
http://cgi.di.uoa.gr/witcher/resource/Looters	http://cgi.di.uoa.gr/witcher/ontology#location	http://cgi.di.uoa.gr/witcher/resource/Toderas
http://cgi.di.uoa.gr/witcher/resource/Contract_Bovine_Blues	http://cgi.di.uoa.gr/witcher/ontology#enemies	http://cgi.di.uoa.gr/witcher/resource/Rotfiend
http://cgi.di.uoa.gr/witcher/resource/Roger_of_Toussaint	http://cgi.di.uoa.gr/witcher/ontology#race	http://cgi.di.uoa.gr/witcher/resource/Human
http://cgi.di.uoa.gr/witcher/resource/Tavar_Eggebracht	http://cgi.di.uoa.gr/witcher/ontology#affiliations	http://cgi.di.uoa.gr/witcher/resource/Center_Army_Group
http://cgi.di.uoa.gr/witcher/resource/Forefathers_Eve	http://cgi.di.uoa.gr/witcher/ontology#location	http://cgi.di.uoa.gr/witcher/resource/Fyke_Isle
http://cgi.di.uoa.gr/witcher/resource/La_Cage_au_Fou	http://cgi.di.uoa.gr/witcher/ontology#reward	http://cgi.di.uoa.gr/witcher/resource/Wight_trophy
http://cgi.di.uoa.gr/witcher/resource/Contract_The_Griffin_from_the_Highlands	http://cgi.di.uoa.gr/witcher/ontology#previous	http://cgi.di.uoa.gr/witcher/resource/Master_Armorers
http://cgi.di.uoa.gr/witcher/resource/The_Sad_Tale_of_the_Grossbart_Brothers	http://cgi.di.uoa.gr/witcher/ontology#location	http://cgi.di.uoa.gr/witcher/resource/Grotto_Ard_Skellig
http://cgi.di.uoa.gr/witcher/resource/Gwent_Old_Pals	http://cgi.di.uoa.gr/witcher/ontology#location	http://cgi.di.uoa.gr/witcher/resource/Seven_Cats_Inn
http://cgi.di.uoa.gr/witcher/resource/Yagoda	http://cgi.di.uoa.gr/witcher/ontology#race	http://cgi.di.uoa.gr/witcher/resource/Human
http://cgi.di.uoa.gr/witcher/resource/Lodrin	http://cgi.di.uoa.gr/witcher/ontology#race	http://cgi.di.uoa.gr/witcher/resource/Human
http://cgi.di.uoa.gr/witcher/resource/Blacksmith_Silverton	http://cgi.di.uoa.gr/witcher/ontology#profession	http://cgi.di.uoa.gr/witcher/resource/Blacksmith
http://cgi.di.uoa.gr/witcher/resource/Sigo_Buntz	http://cgi.di.uoa.gr/witcher/ontology#race	http://cgi.di.uoa.gr/witcher/resource/Human
http://cgi.di.uoa.gr/witcher/resource/Gaston	http://cgi.di.uoa.gr/witcher/ontology#race	http://cgi.di.uoa.gr/witcher/resource/Human
http://cgi.di.uoa.gr/witcher/resource/Anna_Strenger	http://cgi.di.uoa.gr/witcher/ontology#children	http://cgi.di.uoa.gr/witcher/resource/Tamara_Strenger
http://cgi.di.uoa.gr/witcher/resource/Azar_Javed	http://cgi.di.uoa.gr/witcher/ontology#affiliations	http://cgi.di.uoa.gr/witcher/resource/Jacques_de_Aldersberg
http://cgi.di.uoa.gr/witcher/resource/Loan_Shark	http://cgi.di.uoa.gr/witcher/ontology#race	http://cgi.di.uoa.gr/witcher/resource/Human
http://cgi.di.uoa.gr/witcher/resource/Anaïs_La_Valette	http://cgi.di.uoa.gr/witcher/ontology#family	http://cgi.di.uoa.gr/witcher/resource/House_of_La_Valette
http://cgi.di.uoa.gr/witcher/resource/Swordsmith_Mulbrydale	http://cgi.di.uoa.gr/witcher/ontology#race	http://cgi.di.uoa.gr/witcher/resource/Human
http://cgi.di.uoa.gr/witcher/resource/Broddr	http://cgi.di.uoa.gr/witcher/ontology#parents	http://cgi.di.uoa.gr/witcher/resource/Heulyn
http://cgi.di.uoa.gr/witcher/resource/Wine_Wars_Vermentino	http://cgi.di.uoa.gr/witcher/ontology#next	http://cgi.di.uoa.gr/witcher/resource/Wine_Wars_Belgaard
http://cgi.di.uoa.gr/witcher/resource/Sheldon_Skaggs	http://cgi.di.uoa.gr/witcher/ontology#race	http://cgi.di.uoa.gr/witcher/resource/Dwarf
http://cgi.di.uoa.gr/witcher/resource/Berengar_s_Blade	http://cgi.di.uoa.gr/witcher/ontology#cutoff_quest	http://cgi.di.uoa.gr/witcher/resource/The_Battle_of_Kaer_Morhen
http://cgi.di.uoa.gr/witcher/resource/Funeral_Pyres	http://cgi.di.uoa.gr/witcher/ontology#location	http://cgi.di.uoa.gr/witcher/resource/Mulbrydale
http://cgi.di.uoa.gr/witcher/resource/Ernest_von_Everec	http://cgi.di.uoa.gr/witcher/ontology#race	http://cgi.di.uoa.gr/witcher/resource/Human
http://cgi.di.uoa.gr/witcher/resource/Keira_Metz	http://cgi.di.uoa.gr/witcher/ontology#race	http://cgi.di.uoa.gr/witcher/resource/Human
http://cgi.di.uoa.gr/witcher/resource/Lazare_Lafargue	http://cgi.di.uoa.gr/witcher/ontology#race	http://cgi.di.uoa.gr/witcher/resource/Human
http://cgi.di.uoa.gr/witcher/resource/Artis	http://cgi.di.uoa.gr/witcher/ontology#profession	http://cgi.di.uoa.gr/witcher/resource/Svalblod
http://cgi.di.uoa.gr/witcher/resource/Echoes_of_the_Past	http://cgi.di.uoa.gr/witcher/ontology#region	http://cgi.di.uoa.gr/witcher/resource/Skellige
http://cgi.di.uoa.gr/witcher/resource/Lady_of_the_Lake_nymph	http://cgi.di.uoa.gr/witcher/ontology#abilities	http://cgi.di.uoa.gr/witcher/resource/Magic
http://cgi.di.uoa.gr/witcher/resource/Vimme_Vivaldi	http://cgi.di.uoa.gr/witcher/ontology#relative	http://cgi.di.uoa.gr/witcher/resource/Igor_Vivaldi
http://cgi.di.uoa.gr/witcher/resource/Gilbert_Witschke	http://cgi.di.uoa.gr/witcher/ontology#affiliations	http://cgi.di.uoa.gr/witcher/resource/Temple_Guard
http://cgi.di.uoa.gr/witcher/resource/Meve	http://cgi.di.uoa.gr/witcher/ontology#children	http://cgi.di.uoa.gr/witcher/resource/Villem
http://cgi.di.uoa.gr/witcher/resource/Erasmus_Vegelbud	http://cgi.di.uoa.gr/witcher/ontology#relative	http://cgi.di.uoa.gr/witcher/resource/Patricia_Vegelbud
http://cgi.di.uoa.gr/witcher/resource/Calixte_Moire	http://cgi.di.uoa.gr/witcher/ontology#race	http://cgi.di.uoa.gr/witcher/resource/Human
http://cgi.di.uoa.gr/witcher/resource/In_Ciri_s_Footsteps	http://cgi.di.uoa.gr/witcher/ontology#previous	http://cgi.di.uoa.gr/witcher/resource/Imperial_Audience
http://cgi.di.uoa.gr/witcher/resource/The_Play_s_the_Thing	http://cgi.di.uoa.gr/witcher/ontology#location	http://cgi.di.uoa.gr/witcher/resource/The_Bits
http://cgi.di.uoa.gr/witcher/resource/Yanne	http://cgi.di.uoa.gr/witcher/ontology#affiliations	http://cgi.di.uoa.gr/witcher/resource/Clan_an_Craite
http://cgi.di.uoa.gr/witcher/resource/The_Price_of_Honor	http://cgi.di.uoa.gr/witcher/ontology#region	http://cgi.di.uoa.gr/witcher/resource/Skellige
http://cgi.di.uoa.gr/witcher/resource/Precious_Haul	http://cgi.di.uoa.gr/witcher/ontology#enemies	http://cgi.di.uoa.gr/witcher/resource/Siren
http://cgi.di.uoa.gr/witcher/resource/Milo_Vanderbeck	http://cgi.di.uoa.gr/witcher/ontology#family	http://cgi.di.uoa.gr/witcher/resource/Vanderbeck_family
http://cgi.di.uoa.gr/witcher/resource/Donimir_of_Troy	http://cgi.di.uoa.gr/witcher/ontology#profession	http://cgi.di.uoa.gr/witcher/resource/Knight
http://cgi.di.uoa.gr/witcher/resource/Precious_Haul	http://cgi.di.uoa.gr/witcher/ontology#region	http://cgi.di.uoa.gr/witcher/resource/Skellige
http://cgi.di.uoa.gr/witcher/resource/Duck_Duck_Goosed	http://cgi.di.uoa.gr/witcher/ontology#enemies	http://cgi.di.uoa.gr/witcher/resource/Redbeard
http://cgi.di.uoa.gr/witcher/resource/Cabaret	http://cgi.di.uoa.gr/witcher/ontology#previous	http://cgi.di.uoa.gr/witcher/resource/A_Poet_Under_Pressure
http://cgi.di.uoa.gr/witcher/resource/The_Beast_of_Toussaint	http://cgi.di.uoa.gr/witcher/ontology#region	http://cgi.di.uoa.gr/witcher/resource/Sansretour_Marsh
http://cgi.di.uoa.gr/witcher/resource/Merchant_Perfumery	http://cgi.di.uoa.gr/witcher/ontology#profession	http://cgi.di.uoa.gr/witcher/resource/The_Witcher_3_merchants
http://cgi.di.uoa.gr/witcher/resource/Sylvia_Anna	http://cgi.di.uoa.gr/witcher/ontology#relative	http://cgi.di.uoa.gr/witcher/resource/Emhyr_var_Emreis
http://cgi.di.uoa.gr/witcher/resource/Novigrad_Closed_City	http://cgi.di.uoa.gr/witcher/ontology#enemies	http://cgi.di.uoa.gr/witcher/resource/Witch_hunter
http://cgi.di.uoa.gr/witcher/resource/Ambassador_von_Hinn	http://cgi.di.uoa.gr/witcher/ontology#race	http://cgi.di.uoa.gr/witcher/resource/Human
http://cgi.di.uoa.gr/witcher/resource/Abandoned_Sawmill_quest	http://cgi.di.uoa.gr/witcher/ontology#enemies	http://cgi.di.uoa.gr/witcher/resource/Wolf_creature
http://cgi.di.uoa.gr/witcher/resource/Berem	http://cgi.di.uoa.gr/witcher/ontology#race	http://cgi.di.uoa.gr/witcher/resource/Human
http://cgi.di.uoa.gr/witcher/resource/Gwent_To_Everything_Turn_Turn_Tournament	http://cgi.di.uoa.gr/witcher/ontology#reward	http://cgi.di.uoa.gr/witcher/resource/The_Victor_s_Cup
http://cgi.di.uoa.gr/witcher/resource/Contract_Bovine_Blues	http://cgi.di.uoa.gr/witcher/ontology#enemies	http://cgi.di.uoa.gr/witcher/resource/Alghoul
http://cgi.di.uoa.gr/witcher/resource/Valgridovt	http://cgi.di.uoa.gr/witcher/ontology#relative	http://cgi.di.uoa.gr/witcher/resource/Plaetyn
http://cgi.di.uoa.gr/witcher/resource/Kaer_Morhen_quest	http://cgi.di.uoa.gr/witcher/ontology#location	http://cgi.di.uoa.gr/witcher/resource/Kaer_Morhen
http://cgi.di.uoa.gr/witcher/resource/Ciri_s_Story_The_Race	http://cgi.di.uoa.gr/witcher/ontology#next	http://cgi.di.uoa.gr/witcher/resource/Ciri_s_Story_Out_of_the_Shadows
http://cgi.di.uoa.gr/witcher/resource/Black_Pearl_quest	http://cgi.di.uoa.gr/witcher/ontology#enemies	http://cgi.di.uoa.gr/witcher/resource/Drowner
http://cgi.di.uoa.gr/witcher/resource/Vridank_von_Eyegrid	http://cgi.di.uoa.gr/witcher/ontology#race	http://cgi.di.uoa.gr/witcher/resource/Human
http://cgi.di.uoa.gr/witcher/resource/Out_On_Your_Arse	http://cgi.di.uoa.gr/witcher/ontology#previous	http://cgi.di.uoa.gr/witcher/resource/Contract_Deadly_Delights
http://cgi.di.uoa.gr/witcher/resource/Fergus_var_Emreis	http://cgi.di.uoa.gr/witcher/ontology#children	http://cgi.di.uoa.gr/witcher/resource/Emhyr_var_Emreis
