uri,label,wkt
http://cgi.di.uoa.gr/witcher/resource/Claywitch,Claywitch,"POLYGON ((204.673240291279 -487.858114153061, 202.638319998894 -488.790860163774, 200.603511031151 -489.72349486125, 189.920402134339 -483.958035775337, 191.955322426724 -474.462037909018, 206.368970094441 -471.579308365225, 215.35623786345 -478.870846351513, 210.269048453965 -487.688574563032, 204.673240291279 -487.858114153061))"
http://cgi.di.uoa.gr/witcher/resource/Codger_s_Quarry,Codger_s_Quarry,"POLYGON ((377.032324833648 -312.648025780161, 372.528115595457 -311.058383446961, 369.613548687602 -306.024182113144, 375.442682503312 -302.579734421842, 376.237503671644 -307.613935763366, 377.032324833648 -312.648025780161))"
http://cgi.di.uoa.gr/witcher/resource/Crookbag_Bog,Crookbag_Bog,"POLYGON ((388.326132452904 -545.643728053579, 373.422345068196 -539.433881552807, 382.530171842658 -536.5359012414, 390.810115567965 -534.465915305546, 397.847956414265 -541.917753364725, 388.326132452904 -545.643728053579))"
http://cgi.di.uoa.gr/witcher/resource/Kimbolt_way,Kimbolt_way,"POLYGON ((516.664146999373 -512.938284181216, 506.728325844787 -508.798312305555, 507.970317405481 -503.002351684639, 520.390121675128 -503.002351684639, 522.046110416393 -513.766167240659, 516.664146999373 -512.938284181216))"
http://cgi.di.uoa.gr/witcher/resource/Midscope,Midscope,"POLYGON ((92.0300494308957 -491.622605381369, 90.7277227114818 -491.405643690164, 87.6890345678456 -488.149771217477, 93.8749473561528 -482.2894679273, 102.231478891135 -482.723502620177, 102.340015392169 -492.056751399896, 92.4640841293765 -492.924932110604, 92.0300494308957 -491.622605381369))"
http://cgi.di.uoa.gr/witcher/resource/Nilfgaardian_base,Nilfgaardian_base,"POLYGON ((527.35515957238 -666.47647175553, 549.956133154056 -611.731994940908, 608.216301854323 -617.256669972935, 604.198336154182 -667.983292394739, 527.35515957238 -666.47647175553))"
http://cgi.di.uoa.gr/witcher/resource/Novigrad_Lake_12,Novigrad_Lake_12,"POLYGON ((124.635305651355 -474.801117079471, 120.73511596719 -473.274926855245, 113.782657172253 -471.070578292543, 121.413385627323 -471.070578292543, 121.922115698837 -467.339928187482, 127.857114350746 -464.965928723196, 132.944303760231 -462.761580161965, 139.896762555169 -462.591929254493, 142.270762018463 -457.843930321538, 146.001300795696 -457.165660660045, 150.410220545048 -459.70919971127, 151.936410765919 -463.94857988967, 151.766759858986 -469.544388067978, 146.849221356434 -468.696578829101, 137.692302680493 -469.035657994018, 133.171618161047 -471.031839107905, 128.903517565358 -472.916478093912, 124.635305651355 -474.801117079471))"
http://cgi.di.uoa.gr/witcher/resource/Novigrad_Lake_13,Novigrad_Lake_13,"POLYGON ((156.345219196957 -470.053118147106, 156.006140032375 -465.644198379263, 159.906218391899 -462.761580161965, 160.245408874794 -458.691850884126, 163.975947652027 -456.317851415865, 168.215216500775 -460.217929784913, 168.384867407707 -467.848658259323, 168.893597479221 -473.105387272571, 169.571867133027 -477.175116543983, 171.945866596321 -480.905766649316, 173.811135981774 -485.145035510382, 171.945866596321 -490.740843689437, 166.010867944412 -488.366844224887, 160.245408874794 -485.314575100076, 158.295314035876 -477.683846624142, 160.923678534928 -474.122847418404, 158.634393206785 -472.087927119794, 156.345219196957 -470.053118147106))"
http://cgi.di.uoa.gr/witcher/resource/Novigrad_Lake_14,Novigrad_Lake_14,"POLYGON ((196.194591275471 -436.308284217928, 201.620859855866 -435.290935389915, 206.53850968306 -437.834474441598, 215.186698281159 -436.308284217928, 218.917237058392 -430.712476041758, 215.525777452068 -427.151476845179, 208.912509140027 -422.23382700661, 210.269048453965 -415.451019098466, 202.807859587513 -413.077019636762, 195.007591543824 -412.059559485511, 185.34205412101 -413.585749708102, 177.711325665939 -415.790098270319, 171.945866596321 -422.91209666838, 175.676405373554 -427.151476845179, 183.815863900139 -426.1340166936, 185.34205412101 -430.882015624262, 185.002863631786 -434.443014827316, 179.915674222302 -430.373285550721, 172.454596667836 -429.355825406397, 170.25013679316 -425.964477111251, 170.928406453293 -416.468367925263, 173.811135981774 -413.585749708102, 179.40694414446 -410.703020167106, 189.581322969757 -407.820290627419, 196.194591275471 -406.972370065531, 202.977510488118 -406.972370065531, 209.760318382451 -410.363829677224, 213.490968477997 -416.468367925263, 216.373698012806 -423.590477641858, 221.121696933068 -425.794826203146, 222.98696631852 -430.542936458803, 221.460776103977 -436.477935124537, 219.595506712197 -439.869283414642, 210.777778525479 -440.378013493529, 200.942590195733 -441.565013220982, 197.212051424828 -444.447742763418, 195.516321621666 -446.482663060205, 192.633592086857 -442.412933790658, 192.294401597634 -439.191013758953, 187.207323506462 -437.156204779225, 185.002863631786 -434.443014827316, 196.194591275471 -436.308284217928))"
http://cgi.di.uoa.gr/witcher/resource/Novigrad_Lake_15,Novigrad_Lake_15,"POLYGON ((141.751456593262 -412.271511793355, 135.922434095865 -408.562123717093, 130.093411598468 -404.852735638241, 140.426643334057 -405.647668120858, 141.751456593262 -412.271511793355))"
http://cgi.di.uoa.gr/witcher/resource/Novigrad_Lake_16,Novigrad_Lake_16,"POLYGON ((214.532139674922 -367.513506689357, 241.110002062424 -395.579265436695, 230.246778229635 -389.485302537723, 223.62282325192 -385.775914460932, 218.058741143967 -378.622078692309, 214.532139674922 -367.513506689357))"
http://cgi.di.uoa.gr/witcher/resource/Novigrad_Lake_17,Novigrad_Lake_17,"POLYGON ((71.8030753188417 -520.903416414672, 70.4782620596361 -525.672677377177, 72.5978964808459 -530.971819113049, 68.6235680215426 -532.561572767805, 67.4313362722086 -533.88627471376, 66.6364037918909 -530.839348920502, 67.033814372893 -526.467498541031, 62.1884108968513 -524.551690096281, 61.2047918754961 -521.963289287389, 56.3569393712453 -525.519056476625, 52.4613137948854 -521.69834890321, 53.2561349568895 -515.074393898248, 59.6151495514878 -514.279572734276, 66.5039336003328 -515.074393898248, 71.2731945399538 -517.988960815453, 71.8030753188417 -520.903416414672))"
http://cgi.di.uoa.gr/witcher/resource/Novigrad_Lake_18,Novigrad_Lake_18,"POLYGON ((558.891526038436 -565.51548175076, 547.713713329484 -564.687487373476, 548.127710516382 -555.57954923934, 551.853685192137 -548.955705554831, 562.203503527293 -551.439688680209, 567.17135844543 -563.03149861986, 575.037304983839 -564.687487373476, 569.457749465781 -564.973578465406, 558.891526038436 -565.51548175076))"
http://cgi.di.uoa.gr/witcher/resource/Novigrad_Lake_19,Novigrad_Lake_19,"POLYGON ((592.839072670506 -560.961512683697, 583.73113457773 -560.547515494649, 573.381316236246 -558.891526740902, 563.445495087988 -554.337557674819, 567.585355632328 -549.783699932236, 582.075145830138 -547.299716801681, 585.387123318995 -543.98773930061, 589.941092368547 -541.503756176016, 590.89331929011 -547.897836430266, 596.978933214846 -553.095677433229, 594.908947286683 -557.028595057587, 592.839072670506 -560.961512683697))"
http://cgi.di.uoa.gr/witcher/resource/Novigrad_Lake_2,Novigrad_Lake_2,"POLYGON ((86.1696348400345 -539.157029982189, 83.0224101953636 -539.808137685862, 83.8905909043109 -536.118341828644, 88.1230692663263 -534.598942095421, 92.4640841293765 -535.358586299211, 96.2625277929111 -536.552376529012, 95.068737574532 -539.591175994975, 90.2935766946875 -537.42066855885, 86.1696348400345 -539.157029982189))"
http://cgi.di.uoa.gr/witcher/resource/Novigrad_Lake_20,Novigrad_Lake_20,"POLYGON ((403.92010068385 -196.02505171228, 402.733100952203 -189.07259291387, 408.15936952627 -183.815863912853, 411.890019621816 -189.07259291387, 413.924828595888 -195.1771311494, 409.346369257917 -198.738241665116, 403.92010068385 -196.02505171228))"
http://cgi.di.uoa.gr/witcher/resource/Novigrad_Lake_21,Novigrad_Lake_21,"POLYGON ((412.059559210435 -208.573318680978, 411.550829138921 -202.468780438365, 415.111828327535 -203.655780169129, 415.281367909826 -207.216779361219, 412.059559210435 -208.573318680978))"
http://cgi.di.uoa.gr/witcher/resource/Novigrad_Lake_22,Novigrad_Lake_22,"POLYGON ((519.907217724451 -305.907630604261, 517.533218261156 -301.498710850201, 519.737678135832 -296.411521428945, 522.620407670641 -299.124711383363, 519.907217724451 -305.907630604261))"
http://cgi.di.uoa.gr/witcher/resource/Novigrad_Lake_23,Novigrad_Lake_23,"POLYGON ((583.293648973563 -423.704246161174, 583.327156140296 -417.655367658787, 587.905504159953 -416.298828342069, 589.869959213185 -420.066102556901, 589.770884870047 -423.760017231211, 586.379425257396 -424.438286886738, 583.293648973563 -423.704246161174))"
http://cgi.di.uoa.gr/witcher/resource/Novigrad_Lake_24,Novigrad_Lake_24,"POLYGON ((457.843929940858 -233.669963936555, 456.826469791502 -226.547965548118, 455.469930477564 -223.665236010711, 459.709199326311 -224.173966084089, 460.896199057958 -227.395774790834, 457.843929940858 -233.669963936555))"
http://cgi.di.uoa.gr/witcher/resource/Novigrad_Lake_25,Novigrad_Lake_25,"POLYGON ((346.77435140281 -163.975947657547, 344.400351939516 -159.227948734919, 347.113541892034 -154.819028985138, 353.048540543942 -153.80168016036, 356.440000150266 -152.105950355694, 358.813999607233 -156.345219206867, 361.357538652818 -156.684409690231, 356.066968533041 -159.329694750321, 353.387731033166 -156.684409690231, 349.487541349 -158.040949009848, 346.77435140281 -163.975947657547))"
http://cgi.di.uoa.gr/witcher/resource/Novigrad_Lake_26,Novigrad_Lake_26,"POLYGON ((375.707622892756 -140.161702949769, 375.442682503312 -135.392553321252, 373.057996374345 -132.213046022384, 372.263175206013 -125.059210265399, 380.211832130948 -125.589091043898, 383.921220200807 -126.648963914252, 384.186160590251 -132.477986411898, 384.451100979695 -136.982195651378, 375.707622892756 -140.161702949769))"
http://cgi.di.uoa.gr/witcher/resource/Novigrad_Lake_27,Novigrad_Lake_27,"POLYGON ((400.867831560423 -132.774764175302, 405.333969530404 -132.032708451261, 409.346369257917 -133.622573417884, 410.02463891805 -136.844493442849, 410.02463891805 -140.575032213889, 407.650639454756 -138.540223244775, 404.428830755365 -135.318303221465, 400.867831560423 -132.774764175302))"
http://cgi.di.uoa.gr/witcher/resource/Novigrad_Lake_28,Novigrad_Lake_28,"POLYGON ((391.8804524731 -117.852386432924, 392.558833451547 -114.800117314277, 396.119832640161 -108.017309419745, 396.798102300294 -105.473659055883, 398.324181196524 -100.216930057019, 401.885291709779 -99.7081999843951, 405.615830487012 -99.8778508909204, 409.685559747141 -94.7906614810411, 413.077019353464 -93.6036617501985, 419.690287665506 -90.5513926331619, 422.233826711091 -93.0949316789215, 421.894747540182 -97.3342005214185, 415.281367909826 -96.6559308684566, 413.311124241011 -98.4406049467613, 412.229098792726 -102.760580421221, 412.059559210435 -105.134579884367, 406.802830212332 -104.795389394889, 402.224370880689 -105.134579884367, 400.574170748678 -107.163488925428, 398.324181196524 -112.934847923097, 395.611102568647 -118.530656086717, 391.8804524731 -117.852386432924))"
http://cgi.di.uoa.gr/witcher/resource/Novigrad_Lake_29,Novigrad_Lake_29,"POLYGON ((332.254838898895 -77.6320978057654, 329.605212380484 -73.9227097355068, 333.579540839787 -64.1193587777821, 335.964226968754 -59.0851574424673, 335.199907347378 -62.9066442446024, 343.117951407043 -64.9141799402729, 343.912883893688 -68.8885083994529, 339.97028148279 -71.8454880351617, 339.408674655497 -77.897038195473, 337.288928909646 -82.1363070450815, 332.254838898895 -77.6320978057654))"
http://cgi.di.uoa.gr/witcher/resource/Novigrad_Lake_3,Novigrad_Lake_3,"POLYGON ((59.5197487443349 -561.113241147339, 57.4848284519499 -555.008591570927, 62.7415574500536 -554.669512398916, 59.5197487443349 -561.113241147339))"
http://cgi.di.uoa.gr/witcher/resource/Novigrad_Lake_30,Novigrad_Lake_30,"POLYGON ((387.100727498106 -58.8202170531236, 383.126399038803 -52.4613137832869, 385.7759142389 -47.1621720651567, 392.929749995503 -45.8373588043419, 390.015183087648 -52.3288435916859, 391.869877119413 -56.4356422410554, 393.459630768063 -61.9997243509393, 391.975853280253 -61.2577799445591, 387.100727498106 -58.8202170531236))"
http://cgi.di.uoa.gr/witcher/resource/Novigrad_Lake_31,Novigrad_Lake_31,"POLYGON ((311.853204498849 -215.93910675098, 307.348995266985 -214.879345199365, 307.613935650102 -210.905016730881, 311.058383336845 -201.36649484111, 315.032711796148 -200.306733288979, 320.066801806899 -202.956248490536, 320.596793904101 -211.964778289914, 316.224943545482 -213.951942519991, 314.039074019002 -214.9455802922, 311.853204498849 -215.93910675098))"
http://cgi.di.uoa.gr/witcher/resource/Novigrad_Lake_32,Novigrad_Lake_32,"POLYGON ((280.756661346855 -182.215089636295, 277.826509710582 -180.804226410593, 277.826509710582 -176.463211544337, 277.392363693787 -173.750132915934, 283.035705282579 -175.160884818924, 286.508539436682 -178.525182472396, 291.066627301801 -178.199684281538, 292.368954027543 -174.184167607877, 292.368954027543 -170.928406461828, 296.058861190043 -172.447806188608, 296.167397691078 -181.45544542863, 293.020173046407 -183.191806847835, 282.650094563041 -182.365927545586, 280.756661346855 -182.215089636295))"
http://cgi.di.uoa.gr/witcher/resource/Novigrad_Lake_6,Novigrad_Lake_6,"POLYGON ((224.75728018273 -509.52945872494, 222.369699745971 -504.754297835876, 227.579006636282 -503.12636159567, 230.834767781988 -503.234898097304, 230.834767781988 -506.490659252398, 229.206831546814 -509.203849213708, 224.75728018273 -509.52945872494))"
http://cgi.di.uoa.gr/witcher/resource/Novigrad_Lake_7,Novigrad_Lake_7,"POLYGON ((217.811611874524 -514.847190815423, 215.5325679388 -511.374356649655, 217.051967666611 -508.335668501593, 220.307728818645 -506.707732262247, 220.741874829111 -510.831785454217, 217.811611874524 -514.847190815423))"
http://cgi.di.uoa.gr/witcher/resource/Novigrad_Lake_8,Novigrad_Lake_8,"POLYGON ((216.943431165577 -527.76181026454, 215.044209333809 -524.668798203462, 213.144987502042 -521.575786143105, 208.47836312956 -519.839424718763, 208.695436131629 -516.909161755863, 210.323372366803 -518.102951977768, 211.8426607763 -518.102951977768, 211.517162585182 -513.544864091985, 213.253524003077 -513.002292888951, 213.579133512509 -515.172800330776, 214.338777720421 -518.428561487953, 216.075250456629 -521.141751443545, 219.2224751013 -521.35882445135, 219.87358280185 -523.963366587114, 217.486002365092 -524.180439596762, 216.943431165577 -527.76181026454))"
http://cgi.di.uoa.gr/witcher/resource/Novigrad_Swamp_1,Novigrad_Swamp_1,"POLYGON ((344.442764666249 -558.924588627571, 344.230812357225 -555.856512134408, 338.126274123025 -552.125862024658, 337.447893144578 -549.073592895947, 343.552542697091 -546.021323768353, 343.72208228571 -539.407944113812, 348.639732106576 -537.712325622076, 349.318001766709 -534.829596077779, 347.622271963548 -530.251136729274, 339.541144847055 -525.937617766398, 344.911753682194 -513.748022158866, 350.271787163645 -512.15993829984, 349.476966001641 -518.518841596121, 347.630398289025 -521.410810654797, 358.535032964743 -520.716288347669, 357.955503692808 -526.997490640726, 375.442682503312 -525.407736986214, 386.040854628344 -517.988960815453, 394.519503644153 -521.963289287389, 406.442489022062 -515.869326386169, 417.570653237968 -514.5445131233, 422.869794962805 -507.655617728389, 424.194496897369 -497.322385965822, 432.408205530061 -490.963482670948, 450.955034567372 -499.706960784871, 472.946422616067 -512.954759468777, 476.390870296483 -523.288102550948, 488.843847777922 -537.860603187067, 510.570184112532 -547.664065496965, 494.937810658435 -562.236566137451, 492.02324375058 -572.040028449529, 496.792504696529 -581.048446956005, 518.783781420583 -568.595580749449, 537.595662171979 -552.433215142696, 540.510229079834 -560.646923799417, 535.476027744441 -568.33064036508, 521.963288717882 -574.954484051576, 516.134266220485 -595.885999312606, 544.219617149693 -609.928730498072, 539.238403894721 -616.393609952478, 523.129137742156 -614.358800977096, 512.276489269381 -604.862691767879, 506.726433414473 -605.889725397296, 504.984951303533 -599.09723267788, 491.588763778845 -595.027503393421, 480.566575717451 -581.292236646104, 488.366843754813 -573.661508159909, 485.992844297846 -566.369970165791, 473.275037751604 -567.048239822113, 465.983388467443 -562.300240883801, 455.709378701111 -545.56624968583, 444.596131297415 -531.766640277953, 440.356862448668 -522.758110458511, 422.869794962805 -521.69834890321, 408.806581047879 -530.044305112802, 412.801392298347 -534.151215102824, 419.425347276062 -534.151215102824, 419.160406886618 -541.835042977775, 408.5621234496 -558.527178045153, 399.818534044348 -554.287909181363, 389.220361919316 -552.433215142696, 367.674474475624 -564.117976855442, 344.442764666249 -558.924588627571))"
http://cgi.di.uoa.gr/witcher/resource/Novigrad_Swamp_2,Novigrad_Swamp_2,"POLYGON ((185.002863631786 -669.808709410252, 183.98540348243 -661.499711256853, 183.646324317848 -652.681983022878, 187.885593166595 -647.594793586829, 191.107401865986 -645.559984602423, 194.1597823014 -640.133715999627, 190.937862283695 -638.607525772631, 185.172403214077 -643.694715206598, 185.155816608181 -646.249163574183, 181.611404025463 -639.794525509705, 182.120134096977 -634.876986975555, 180.763594783039 -631.146336862389, 176.863405105202 -632.163797016098, 173.980675570393 -625.380877770967, 179.746134633683 -626.39833791922, 180.424404293816 -623.346068786621, 185.511593703301 -620.463339238299, 192.124862009015 -623.854798861225, 193.990131400795 -621.311148485352, 197.212051424828 -619.445879090681, 201.960050345089 -620.463339238299, 202.468780416603 -626.907067993662, 207.895048996998 -625.211338182423, 211.286508603321 -623.346068786621, 214.847507791935 -622.667799124016, 213.225471490658 -625.229928536, 217.730237326744 -627.076607581957, 222.817426736229 -622.667799124016, 224.343505632459 -618.258879353206, 229.261155459652 -621.141608901592, 231.301753042978 -624.015210248108, 229.091504559048 -628.772337394087, 228.413234898915 -633.520336336164, 226.914429274254 -634.773348530559, 225.530505364106 -630.807257696318, 225.191426193196 -627.415798066899, 226.208775024239 -624.702608107972, 226.208775024239 -622.328608632379, 223.543341134454 -625.399913398413, 220.855754666146 -628.496710331829, 222.647775829297 -629.789797542303, 225.530505364106 -630.807257696318, 223.382595787522 -632.874238007829, 220.689888626169 -635.465533130284, 219.158243750985 -636.939514510801, 221.630427004582 -640.133715999627, 224.343505632459 -639.116255847142, 225.191426193196 -643.609889753087, 224.004426467877 -649.96879306201, 221.291347833672 -651.348932112313, 221.291236515359 -655.564712572056, 219.150451386775 -656.40506341002, 217.730237326744 -659.634441854416, 219.256427547615 -660.651902008199, 220.782506443844 -664.212901216517, 220.443427272935 -666.756440276796, 217.018905779461 -667.051325610081, 215.69531703436 -669.639169827678, 209.921620327278 -669.671007200085, 205.012319462189 -671.50443922265, 203.947993809263 -671.414270439991, 202.638319998894 -674.72635926478, 199.755590464085 -677.368416076594, 197.08169630021 -675.998184456279, 196.872860935604 -672.182708886964, 190.937862283695 -670.99570914757, 185.002863631786 -669.808709410252))"
http://cgi.di.uoa.gr/witcher/resource/Novigrad_Swamp_3,Novigrad_Swamp_3,"POLYGON ((187.820025983862 -575.475013992282, 193.820591812177 -572.30496884068, 198.229511567856 -573.152778086155, 204.164510219765 -575.357237969833, 209.082048722318 -575.52677755253, 210.608238943188 -577.90077702651, 210.777778525479 -581.292236646104, 209.251588310936 -584.174966193386, 208.234239486221 -586.379426077336, 204.503700708988 -586.209775169117, 199.314208687305 -585.164930425788, 197.855366761168 -584.289625264878, 195.753209492363 -584.995390842549, 193.651052229886 -585.701156414042, 190.735483444553 -580.588029544127, 192.97278257608 -579.257427664216, 189.450077285976 -577.458059409199, 187.820025983862 -575.475013992282))"
http://cgi.di.uoa.gr/witcher/resource/Novigrad_Swamp_5,Novigrad_Swamp_5,"POLYGON ((328.280510439591 -273.169570204029, 335.964226968754 -266.0158457583, 342.058189855595 -268.66536096049, 346.562399093786 -273.434621912225, 353.981175233505 -270.784995391188, 361.135010990107 -270.784995391188, 363.872468588089 -272.282353859698, 364.844399066294 -275.024264243513, 362.724764638757 -280.588346356731, 358.48549579001 -282.178100007108, 350.139316972087 -284.82761520926, 346.032518314898 -285.887488080429, 342.857352476122 -285.333117018309, 337.68645081529 -284.430204627305, 329.34027199104 -282.973032487212, 326.300915931194 -278.036235708988, 328.280510439591 -273.169570204029))"
http://cgi.di.uoa.gr/witcher/resource/Novigrad_Terrain_1,Novigrad_Terrain_1,"POLYGON ((296.979139420246 -539.586723217734, 291.963083166123 -544.724563010778, 285.244617934091 -544.276724699523, 283.302983375591 -544.14726013411, 259.112256151593 -519.148241999882, 254.622852407297 -510.428029658333, 249.490022008348 -498.291756095772, 251.554775925152 -487.968097805083, 254.651906797194 -483.150301554013, 262.910811139769 -480.741459084224, 273.578669256775 -487.623897939993, 282.181773463305 -489.344563315445, 293.193831456921 -501.732975523774, 298.355604921126 -511.368456722331, 301.108647247527 -524.101068797237, 296.979139420246 -539.586723217734))"
http://cgi.di.uoa.gr/witcher/resource/Novigrad_Terrain_10,Novigrad_Terrain_10,"POLYGON ((286.23725383376 -628.528213749578, 286.291466428285 -632.163797016098, 283.361314792011 -632.489406527247, 283.113851561299 -630.217487029474, 285.314749218303 -629.450607050795, 286.23725383376 -628.528213749578))"
http://cgi.di.uoa.gr/witcher/resource/Novigrad_Terrain_11,Novigrad_Terrain_11,"POLYGON ((262.471989703183 -389.982121430389, 257.41006981664 -382.384454848672, 249.779341361569 -378.145185992089, 244.352961462861 -379.332185726081, 238.731883777234 -382.464159603925, 230.4481551913 -379.840915799012, 227.762238516678 -373.442716735515, 214.009828623616 -366.889672260045, 212.473508328641 -361.527189740422, 217.051967666611 -363.222808228118, 216.88242808432 -357.287809567559, 217.295868673323 -349.661645201162, 213.490968477997 -346.265732806453, 213.660508060288 -342.026352634582, 215.924857826757 -339.42771043775, 213.321317571065 -336.600084046267, 209.207171835576 -335.646298647994, 206.92835053648 -333.321836355438, 203.825319730542 -330.156355313752, 196.390179621554 -329.58729007644, 191.44659235521 -325.069165897137, 187.207323506462 -324.390896236736, 187.997580573317 -321.61636924467, 183.815863900139 -317.777627922666, 177.202595588097 -317.099358260827, 174.150326470997 -310.825169119489, 175.676405373554 -307.942439580278, 178.864150308317 -305.441981174891, 176.157750848859 -302.705302809114, 171.945866596321 -298.446441723017, 165.502137872898 -295.394172602673, 167.876137329865 -293.528791897095, 164.993407801384 -287.763444140463, 171.945866596321 -287.085063166529, 180.763594783039 -285.728523845028, 192.464052498238 -286.067714335104, 206.53850968306 -288.102523310341, 210.777778525479 -290.646173676779, 220.443427272935 -295.054982113026, 220.443427272935 -300.142171527279, 223.495696390035 -300.989980770849, 229.939425119786 -304.042249892983, 232.991694236885 -310.146899459101, 234.348233550824 -314.555707894659, 236.043963353985 -323.88216616416, 238.926692888794 -327.782355846443, 246.387881755246 -333.039084852831, 255.714340013478 -340.330622828291, 257.090137604477 -346.098753570697, 259.16012353264 -358.104560671804, 257.918131971945 -368.040381837291, 257.918131971945 -375.078334018926, 260.40200377502 -381.702177689817, 262.471989703183 -389.982121430389))"
http://cgi.di.uoa.gr/witcher/resource/Novigrad_Terrain_12,Novigrad_Terrain_12,"POLYGON ((366.434152714944 -268.66536096049, 363.872468588089 -272.282353859698, 361.135010990107 -270.784995391188, 366.434152714944 -268.66536096049))"
http://cgi.di.uoa.gr/witcher/resource/Novigrad_Terrain_14,Novigrad_Terrain_14,"POLYGON ((615.670143636147 -469.544388067978, 601.640882167537 -458.183120811109, 595.705883515628 -445.634742496904, 591.466503348567 -441.056283148686, 584.005425800429 -435.969205045134, 574.509316635264 -428.168825672257, 572.813698156744 -424.777477375867, 573.152777321326 -409.346369533185, 565.691588454874 -405.61583074703, 557.21305075738 -399.172102011258, 551.617131270053 -396.289372470438, 548.225782988371 -393.067452440971, 540.255864044077 -394.424103082298, 537.033944020045 -395.441563227434, 532.625135589007 -392.897912858749, 538.051404169401 -387.13245377827, 541.612403358015 -384.58891472806, 540.425403626368 -376.44945618703, 538.729673823206 -375.092916869336, 533.642595732035 -374.753726380297, 534.659944563078 -369.327457790636, 534.829595463682 -364.579458862942, 530.759866197226 -362.374998983513, 528.046676251036 -361.357538839609, 524.655216644713 -356.440000322974, 521.602947527613 -349.318001928776, 521.094217456098 -343.891622021518, 520.755138285189 -339.652353167319, 519.737678135832 -337.787083779462, 516.854948607351 -331.512894629208, 512.785219340895 -327.443165363689, 507.019760271277 -321.169087532567, 503.289221500372 -315.064437966901, 501.254301207987 -312.181708435001, 497.523762430754 -307.772899991868, 494.301842406722 -290.476522776217, 495.658493045301 -279.2847951161, 500.067301476339 -276.402065577186, 498.032492502268 -272.332336313367, 493.114842681402 -270.806257410152, 491.41911287824 -261.479799143069, 485.653765126936 -255.036070415359, 475.479386307966 -257.070879390485, 474.292386576319 -260.462339000154, 465.983388467443 -251.644610806033, 456.996120698434 -246.21834222165, 448.687011264917 -238.078883689954, 442.582473030717 -237.570153616448, 438.682283346552 -237.061423545279, 437.156204450323 -239.265883421143, 432.577745112352 -240.452883154421, 428.677555434515 -239.604962593237, 426.134016388929 -231.465504053779, 429.016745923738 -225.530505398182, 431.560284969324 -224.682696161221, 424.099096096544 -217.221507285014, 418.503287933858 -214.847507819658, 411.550829138921 -213.999698577241, 400.528641077527 -213.999698577241, 395.441562986356 -213.490968505266, 395.102372497133 -199.925241391335, 393.745833183194 -192.124862031744, 390.810115567965 -185.999061768411, 382.861347331045 -180.170039269642, 374.117869244107 -175.135949256872, 367.758854649508 -171.161620796017, 361.135010990107 -169.571867147374, 357.457460293294 -170.589215971587, 351.522461641385 -169.063137075516, 344.739542428739 -169.063137075516, 338.974083365449 -166.349947121504, 334.226084438859 -161.093218127768, 333.717354367345 -157.193139767546, 333.208624295831 -148.036221088415, 334.904354098992 -144.644761481847, 341.348082822416 -138.370572338787, 339.14362294774 -135.922434099968, 334.374473320104 -133.272807573533, 339.14362294774 -128.768598341312, 341.029820397611 -131.092949306944, 340.733376596389 -123.469456614824, 334.639413709548 -122.409695063856, 333.252818134564 -125.855367266071, 335.439689532194 -128.516682333656, 333.044539367854 -130.09229840486, 330.474617603535 -130.370040533348, 326.932320087758 -129.467128144186, 321.514734424409 -128.286362306813, 319.500408241502 -128.494752391749, 317.208339923882 -126.480537527502, 315.610905229337 -123.771689040112, 317.138987880521 -120.368318245901, 319.91718841155 -118.215176651717, 320.889564163009 -116.131498423458, 317.694583461933 -115.367401439875, 316.235964172423 -118.006786566988, 314.291212669505 -119.812722664838, 308.595773559457 -113.631040021822, 304.497880468596 -108.560659853159, 303.655637198799 -104.29344980965, 300.074266543661 -102.882586582412, 296.27593419844 -100.92915216313, 292.58602703594 -97.673391011369, 293.345671237525 -90.619186201022, 295.516178672214 -85.7354888194269, 301.051095071957 -88.7742882815629, 312.771812941693 -92.6811571291331, 313.748641469989 -87.6890345642124, 311.143988024834 -82.5882641736925, 304.52392922606 -81.1774009473223, 302.244885290336 -81.6115469648476, 294.973607472699 -77.3790686024746, 292.694563536975 -73.2550154295125, 290.306983100217 -67.6116738405273, 286.074504738201 -66.2008106130053, 282.384597575701 -66.0922741128188, 283.035705282579 -70.6503619835121, 277.17529068539 -66.4178836210435, 280.322626648375 -65.4411664114362, 281.082270856287 -57.5187808864492, 280.21409014734 -55.5653464659434, 278.043582712651 -57.6273173929872, 278.260544402735 -61.2086880486907, 274.570748558548 -60.8830785394379, 270.012660693429 -56.4335271756559, 266.973861231479 -53.5032642139855, 265.346036314619 -58.1698885877563, 264.369319104637 -60.5574690305209, 251.443233791685 -58.8202170531236, 241.374942445541 -55.6407097625996, 228.657024580985 -46.897231675395, 224.417755732238 -39.7433959184322, 219.913435182061 -32.8545005497709, 218.323681533411 -27.5554701503161, 216.734039203075 -21.0036501982966, 615.670143636147 -21.0036501982966, 615.670143636147 -469.544388067978))"
http://cgi.di.uoa.gr/witcher/resource/Novigrad_Terrain_15,Novigrad_Terrain_15,"POLYGON ((547.399124446993 -439.296989913823, 538.655535041741 -440.356862785788, 534.151214485236 -435.322661445474, 535.740968133885 -428.433877379567, 538.920475431185 -422.869795260457, 547.929005225881 -424.459437594095, 551.63839329574 -430.023519713375, 555.612721755043 -435.322661445474, 558.527177344585 -442.741437608283, 552.963095236632 -441.019213757273, 547.399124446993 -439.296989913823))"
http://cgi.di.uoa.gr/witcher/resource/Novigrad_Terrain_16,Novigrad_Terrain_16,"POLYGON ((42.3929111304277 -670.073649801163, 39.5101815956187 -675.235089339982, 33.0664528721955 -675.235089339982, 29.1663745126715 -672.013169303606, 28.4881048525385 -667.434709940425, 27.6401842918009 -665.230250047417, 25.2661848285062 -663.195441068306, 31.0316438981241 -661.838901746715, 32.7273737012858 -658.956172196667, 36.2883728899 -656.582172720367, 40.1885625740653 -657.938712041447, 40.3581021563563 -655.564712572056, 36.2883728899 -656.582172720367, 33.5751829437098 -648.442714151381, 33.9143734329331 -642.6772550526, 37.3058330392563 -637.590065617868, 39.5101815956187 -633.01160626396, 42.9016412019419 -630.468067205231, 46.6322912974885 -629.111527884934, 52.5672899493974 -628.772337394087, 59.0110186728206 -629.450607050795, 66.1330170563768 -629.450607050795, 69.863555827282 -632.842066673706, 71.728936537376 -634.368256902787, 73.2550154336053 -630.807257696318, 76.307284557033 -630.63760678762, 75.9682053861232 -633.689987237973, 79.5292045747375 -633.859526828104, 80.5466647240938 -631.655066935951, 81.3944739665179 -628.433258220377, 84.6163939842223 -626.567877501782, 88.1773931791643 -627.585337656677, 85.7246908392541 -629.861487295957, 85.2946636443554 -633.520336336164, 88.8556628329696 -631.994257426426, 88.4182885534436 -633.930548658829, 87.0866848075061 -634.976283963304, 84.3202841379412 -636.083801581772, 83.231802157865 -636.966119873506, 82.7228494497236 -639.834377883776, 80.45549405715 -641.534449161071, 77.3052637863744 -641.918056126338, 74.943732113408 -641.362460543134, 74.1796351286591 -638.862002126757, 72.6516637957884 -637.959089732928, 68.067527166877 -639.139855581581, 64.7395196700191 -643.149583658243, 63.8765709787585 -644.189196385558, 61.1390020561351 -647.487481600001, 58.6908638177025 -649.072114557377, 59.1075326694368 -651.780963058772, 62.3026246951546 -651.294719523388, 64.3863029214224 -646.84950958971, 66.4699811540181 -644.904758075651, 70.2206687548195 -644.001845681876, 72.8599425624988 -642.821079840324, 74.8742687517333 -642.821079840324, 74.4574885753577 -645.321426937234, 72.9988692858481 -647.405216491412, 68.8926272328822 -650.446464997088, 65.3394204021495 -653.078169092393, 62.0720820316073 -655.498254837332, 61.2607855820206 -660.393529468099, 60.7050786822957 -664.144217089891, 59.5937762074871 -668.242110208473, 57.8443904076965 -671.558763135901, 57.3017078898675 -675.357095502379, 57.5187808982647 -677.368416076594, 49.2707858643174 -678.721393174229, 44.7126979991979 -677.368416076594, 44.1700154813689 -669.388144369771, 42.3929111304277 -670.073649801163))"
http://cgi.di.uoa.gr/witcher/resource/Novigrad_Terrain_17,Novigrad_Terrain_17,"POLYGON ((65.6582394248495 -677.368416076594, 65.8753124332466 -666.566529225982, 68.4798545600886 -663.310768064024, 70.8674349968469 -662.44258734933, 74.2317326499151 -660.814651105708, 76.8363860950706 -659.837933884511, 76.7278495877081 -658.101461138418, 70.6503619884498 -658.209997646369, 70.1077907952621 -652.892265538416, 74.7744151677441 -651.372865803259, 75.9682053861232 -654.737163473742, 77.1619956045024 -656.473636219579, 78.3557858228816 -653.977519261474, 78.2472493218469 -651.915548323662, 80.6348297586052 -656.14802670847, 81.9371564843469 -656.582172720367, 83.7820544032762 -657.884499453874, 84.107663912708 -655.388382496006, 87.254888557379 -655.279845994996, 89.8595420025345 -658.969753177253, 89.7644751566499 -659.698116607155, 91.378830412032 -656.690709228667, 93.3323761566373 -656.365099711432, 94.09202036455 -660.923187607423, 98.8671812380666 -660.271968585179, 100.060971456446 -660.271968585179, 101.688796373306 -662.876622044534, 102.99112309272 -663.853339259407, 104.83613233629 -664.070412268956, 106.463957246822 -662.334050841589, 109.17714719934 -663.419304564307, 109.936791400925 -661.357222308292, 108.743001182546 -659.186714861888, 104.619059327893 -658.318534147668, 102.882586591685 -656.25656321009, 99.7353619470139 -655.71388068859, 97.2392450028931 -655.930953699439, 93.8749473561528 -654.411665280722, 92.7896936388083 -650.504685088947, 92.2471224392929 -648.117104640216, 90.2935766946875 -647.574422120069, 87.0378155489818 -648.659787161922, 84.9118359142944 -651.51457551724, 82.8053371932942 -649.853577385347, 82.045581667068 -647.465996936734, 83.3479083864819 -644.644270468244, 87.254888557379 -642.582299530875, 91.921512929861 -640.411792085097, 93.6578743477556 -638.024211636344, 96.588137302343 -637.047494422299, 97.9990005291193 -636.721884903659, 99.3012159365474 -635.093948667095, 100.495006154927 -637.156030922528, 101.79733287434 -640.303255583995, 106.138347737391 -640.303255583995, 110.045327908288 -639.869109565482, 110.045327908288 -643.233407233664, 102.99112309272 -643.667553247477, 101.320996773768 -645.175153121983, 105.48724003684 -648.985285353885, 108.743001182546 -649.853577385347, 114.277806263975 -649.962002568903, 116.665386707062 -649.853577385347, 117.859176925441 -647.682958622388, 122.09176660577 -647.14038742515, 124.696308726284 -645.512451182266, 125.890098950991 -644.752806970273, 123.39398200687 -649.853577385347, 121.730200895068 -650.646394804176, 121.006512888425 -653.326300239499, 125.347527751475 -653.543373249115, 128.386215888784 -654.194592272008, 128.603288897181 -659.295251369894, 129.254396597731 -662.551012533021, 130.882332832905 -664.721631291647, 133.269913269663 -665.047129484636, 136.851283931128 -665.26420249303, 140.215581577869 -663.310768064024, 140.758152777384 -661.682831818348, 141.51790830361 -668.085928963145, 139.781435567402 -669.82229038916, 131.42490403242 -669.171182685132, 124.696308726284 -667.000675239563, 119.439579734508 -667.923736465146, 117.923074314488 -668.190124005784, 117.859176925441 -671.884261329383, 116.882459709131 -674.054768775444, 110.045327908288 -672.318407348711, 104.076376810064 -670.473509412747, 98.8671812380666 -670.147899900786, 94.634702882379 -669.930826891897, 92.3891661133881 -670.507127903207, 90.2951351700605 -671.044689724996, 87.4719615657762 -673.620734073785, 85.5184158211708 -675.574168511817, 82.9138736943289 -677.368416076594, 76.7278495877081 -677.368416076594, 74.9914881761412 -675.031597309423, 74.5573421593469 -672.644016858876, 74.0146596415179 -670.799007605375, 70.8674349968469 -671.775724826689, 68.9708848299158 -673.811980964488, 69.8907177868649 -677.368416076594, 65.6582394248495 -677.368416076594))"
http://cgi.di.uoa.gr/witcher/resource/Novigrad_Terrain_18,Novigrad_Terrain_18,"POLYGON ((169.402216232422 -567.217779411271, 164.654217312161 -566.200319257249, 159.906218391899 -567.55696989477, 158.719218660252 -565.013319521555, 153.97121973999 -565.013319521555, 151.597220276695 -566.878588920316, 157.193139757695 -561.791510808355, 159.175517249242 -562.672604578941, 160.923678534928 -559.417511336363, 163.467217580513 -556.195591307203, 166.349947115322 -556.195591307203, 169.910946303936 -556.534781790203, 173.132866327969 -558.400051189477, 177.202595588097 -559.756590508679, 180.93313436533 -562.808859637427, 182.798403750783 -564.165510275207, 186.529053846329 -562.300240883801, 186.020323774815 -559.247860434996, 190.768322695077 -564.165510275207, 193.481512647595 -565.861240085125, 195.685861203957 -566.369970165791, 198.229511567856 -570.439588122685, 205.521049533703 -572.813698914797, 209.929969289383 -571.796238760401, 213.490968477997 -568.574318729915, 217.051967666611 -564.504589447828, 220.443427272935 -564.33504986493, 218.747697469773 -568.404779140816, 216.712777177388 -570.439588122685, 218.917237058392 -572.474508423685, 215.35623786345 -575.357237969833, 213.660508060288 -580.105236910375, 213.151777988774 -585.701156414042, 212.30396874635 -590.449155354031, 212.812698817864 -592.48396433788, 209.082048722318 -596.723233204938, 205.351509951412 -596.723233204938, 207.895048996998 -590.449155354031, 208.234239486221 -586.379426077336, 200.773050613442 -586.040235586431, 197.855366761168 -584.289625264878, 193.651052229886 -585.701156414042, 192.97278257608 -579.257427664216, 189.450077285976 -577.458059409199, 186.189863363434 -573.491968570139, 181.729180047767 -571.824847871018, 177.731474489508 -570.330717661019, 171.945866596321 -570.439588122685, 169.402216232422 -567.217779411271))"
http://cgi.di.uoa.gr/witcher/resource/Novigrad_Terrain_19,Novigrad_Terrain_19,"POLYGON ((287.763444054631 -592.823154827996, 288.272062807832 -589.601234790658, 291.493982831864 -589.431695206346, 291.154792342641 -593.162234000841, 287.763444054631 -592.823154827996))"
http://cgi.di.uoa.gr/witcher/resource/Novigrad_Terrain_2,Novigrad_Terrain_2,"POLYGON ((264.727879182906 -677.368416076594, 264.948069135721 -665.563651929339, 270.674343747666 -665.123160702572, 269.352870069505 -648.16474937852, 283.448143994104 -645.521913339853, 286.091091344097 -643.759948428992, 294.019710757449 -650.807585423785, 295.561374382097 -664.02198828972, 310.317440808097 -677.368416076594, 264.727879182906 -677.368416076594))"
http://cgi.di.uoa.gr/witcher/resource/Novigrad_Terrain_20,Novigrad_Terrain_20,"POLYGON ((305.50064644237 -513.327902400766, 303.764173699834 -512.351073869157, 302.46184698042 -510.072029925733, 302.787456489852 -508.010058991818, 307.237007853936 -509.095312713185, 308.647871080713 -512.785219880867, 308.322261571281 -514.630117811826, 305.50064644237 -513.327902400766))"
http://cgi.di.uoa.gr/witcher/resource/Novigrad_Terrain_21,Novigrad_Terrain_21,"POLYGON ((314.833895187333 -517.12623475771, 313.85706665271 -515.281336832742, 313.531568461592 -512.568146877337, 316.678793106263 -511.699966166884, 319.391983058781 -514.196083113278, 318.957837041987 -517.234771265298, 316.89586611466 -517.180558670474, 314.833895187333 -517.12623475771))"
http://cgi.di.uoa.gr/witcher/resource/Novigrad_Terrain_22,Novigrad_Terrain_22,"POLYGON ((265.37987744262 -477.175116543983, 267.245258152714 -473.444577762189, 267.923527806519 -470.392308637283, 270.806257341328 -467.848658259323, 273.688986876137 -465.644198379263, 275.55425626159 -469.88357855801, 276.571605086305 -473.783656928123, 275.045526190076 -476.836037379041, 270.212701816348 -477.005576960321, 265.37987744262 -477.175116543983))"
http://cgi.di.uoa.gr/witcher/resource/Novigrad_Terrain_23,Novigrad_Terrain_23,"POLYGON ((177.255583668517 -602.509954319012, 176.990643279073 -599.330447006992, 179.905098868615 -597.475752968215, 183.349546555358 -600.125268178916, 177.255583668517 -602.509954319012))"
http://cgi.di.uoa.gr/witcher/resource/Novigrad_Terrain_24,Novigrad_Terrain_24,"POLYGON ((36.4647029652506 -442.894501904645, 33.5345513289768 -440.723994470408, 35.0538397384743 -437.468233317051, 37.3328836741979 -434.429433846796, 40.3716831361477 -436.382979597031, 38.4182487098559 -439.638740750199, 36.4647029652506 -442.894501904645))"
http://cgi.di.uoa.gr/witcher/resource/Novigrad_Terrain_25,Novigrad_Terrain_25,"POLYGON ((26.6974195218058 -420.863706711297, 25.1780197939948 -414.352184405364, 27.4570637297185 -411.638994445837, 31.7980785927686 -412.724248167057, 33.8600495200951 -416.30561882931, 32.1255805325141 -417.409351584554, 29.41150002716 -419.136584810357, 26.6974195218058 -420.863706711297))"
http://cgi.di.uoa.gr/witcher/resource/Novigrad_Terrain_26,Novigrad_Terrain_26,"POLYGON ((46.1235612259742 -388.74001855018, 44.3870884834382 -383.313749958578, 45.0383075086297 -377.453335356789, 49.2707858643174 -373.220856988462, 55.0226639541439 -373.546355180343, 57.8443904076965 -377.561871858506, 57.9528155904177 -381.577277219166, 57.5187808982647 -386.569511111503, 53.9879492890102 -387.241992156775, 50.0558109134851 -387.991061012185, 48.8366398538508 -391.995779701954, 45.2553805170269 -389.391237569285, 46.1235612259742 -388.74001855018))"
http://cgi.di.uoa.gr/witcher/resource/Novigrad_Terrain_27,Novigrad_Terrain_27,"POLYGON ((54.4800927609562 -341.748276544178, 52.2009375005912 -340.880095833605, 50.1389665732647 -339.252159602458, 48.9451763548855 -335.670788935757, 50.4645760890243 -331.980993092734, 56.6506001893174 -329.701949155197, 62.9450494786593 -330.570129863209, 65.4411664164523 -333.174783313248, 65.4411664164523 -338.601051893711, 63.4877319964883 -341.748276544178, 61.2086880607646 -341.748276544178, 58.929644125041 -338.058369376783, 57.5187808982647 -337.732871185224, 55.371984517472 -340.56962577228, 54.4800927609562 -341.748276544178))"
http://cgi.di.uoa.gr/witcher/resource/Novigrad_Terrain_28,Novigrad_Terrain_28,"POLYGON ((61.2154785474965 -311.164359602976, 57.8240189411732 -311.164359602976, 52.3977503607786 -307.603249091095, 51.3802902177501 -303.533631137872, 47.8192910291358 -302.346631412412, 44.7669105873946 -300.311711117508, 47.1410213690028 -294.037521969096, 55.280368577274 -294.376712457746, 58.3327490126875 -294.715791623004, 62.7415574500536 -288.611253382211, 69.015746584858 -289.967792697907, 72.2375552905767 -292.850522235576, 68.3374769310527 -295.563712192037, 64.9460173247295 -295.054982113026, 63.833379011175 -299.859531342893, 62.749795087517 -304.538623503948, 65.1155569070205 -309.638169385358, 61.2154785474965 -311.164359602976))"
http://cgi.di.uoa.gr/witcher/resource/Novigrad_Terrain_29,Novigrad_Terrain_29,"POLYGON ((335.964226968754 -266.0158457583, 342.853011017599 -262.836338457555, 343.647943504244 -259.656831164759, 346.827339476902 -257.802137124149, 352.656473292613 -261.246584814147, 353.981175233505 -264.955972887881, 353.981175233505 -270.784995391188, 346.562399093786 -273.434621912225, 335.964226968754 -266.0158457583))"
http://cgi.di.uoa.gr/witcher/resource/Novigrad_Terrain_3,Novigrad_Terrain_3,"POLYGON ((266.049241542753 -655.212386380893, 263.406405511074 -653.890912695808, 263.626595463889 -649.486223064136, 266.489732766697 -649.486223064136, 266.049241542753 -655.212386380893))"
http://cgi.di.uoa.gr/witcher/resource/Novigrad_Terrain_30,Novigrad_Terrain_30,"POLYGON ((292.776383364337 -282.178100007108, 286.682420477496 -280.588346356731, 282.708092018192 -275.819196723562, 288.802054905033 -269.195241740173, 295.425898564434 -268.66536096049, 299.135286634294 -272.109808650789, 297.015652213084 -280.853398063764, 294.896017785546 -281.515749035035, 292.776383364337 -282.178100007108))"
http://cgi.di.uoa.gr/witcher/resource/Novigrad_Terrain_31,Novigrad_Terrain_31,"POLYGON ((254.35780069954 -290.656749031681, 249.588539759919 -289.066995381108, 252.503106667774 -280.853398063764, 249.853480143035 -275.289315950887, 249.058658981031 -272.374749040472, 239.520248413775 -270.255114611855, 229.981837846519 -272.639689424164, 226.272449770331 -277.673890764482, 229.186905359873 -283.237972877051, 231.041599397967 -288.272062893542, 234.530797515011 -288.628953184085, 233.956166305822 -293.041323844747, 224.152815349122 -291.981450972369, 219.383554403173 -290.126756932743, 212.759710743772 -288.007122509161, 206.400696149174 -283.767853656462, 204.54600211108 -279.528584803704, 208.785270959827 -276.08413711366, 215.756208797302 -278.313198597905, 219.383554403173 -275.554256333846, 221.238248441267 -269.725233837596, 220.708367662379 -266.545726537392, 216.734039203075 -264.161151725312, 210.905016705678 -262.306457685669, 207.725509408379 -257.272256345606, 211.699837867683 -255.682502696128, 219.648494792617 -255.682502696128, 223.62282325192 -254.887681533495, 227.33221132178 -253.562868273583, 228.127143808425 -250.648412681851, 224.682696121682 -247.733845772605, 221.238248441267 -244.554338470935, 215.144285554426 -240.580010010205, 210.905016705678 -238.725315976419, 207.990449797823 -237.665554417392, 202.691308079314 -237.665554417392, 198.716979620011 -238.460375586618, 196.597345192473 -234.750987508004, 193.682778284618 -228.921965014135, 191.298203473965 -224.682696161221, 187.588815404105 -221.76812925241, 185.469180976568 -216.468987524483, 182.81966577647 -212.229718672487, 179.905098868615 -208.255390212149, 177.520524057961 -205.075882912715, 176.990643279073 -200.306733288979, 175.13594924098 -197.922158476356, 172.486322722568 -193.947830008769, 171.42656117112 -190.768322717095, 169.041875042153 -184.144367729704, 164.537665803962 -180.170039269642, 163.212852544756 -177.785464457973, 165.06754658285 -174.341016770045, 169.836807522471 -173.28125521805, 176.725591571316 -176.195710808996, 182.289673679268 -176.524325943803, 185.681133285592 -174.828596140462, 191.955322426724 -176.524325943803, 198.059860660924 -177.541674768741, 201.112241102665 -175.676405383021, 200.433860124218 -173.302405918948, 203.655780148251 -171.097946043369, 205.012319462189 -168.554406997499, 208.064588579289 -166.349947121504, 212.64304791726 -170.758866879129, 217.051967666611 -173.980675579927, 217.83098146357 -176.417125275103, 220.723061837961 -176.993982876865, 217.051967666611 -173.980675579927, 213.999698549511 -168.21521650746, 212.64304791726 -165.162947389541, 211.286508603321 -160.754138957225, 210.608238943188 -157.362679349381, 210.608238943188 -151.088490206239, 210.947318114098 -147.018760945901, 211.625699092545 -142.270762018378, 215.186698281159 -139.048953318054, 216.373698012806 -137.353223514003, 219.425967129906 -136.844493442849, 220.453000749144 -141.366736431402, 221.368492241243 -145.398060476183, 222.117561095468 -148.696345668467, 222.578646428891 -150.726590540481, 223.389274962268 -154.296050016458, 224.070104962596 -157.293661267582, 227.904504827401 -160.923678539535, 233.330884726109 -162.788947931186, 236.891883914723 -162.958487513766, 239.6049625426 -161.941138689415, 244.013882298279 -163.297678003256, 249.101071707764 -163.636868493789, 251.64461075335 -162.449868761135, 252.153340824864 -158.71921866384, 252.831610484997 -156.514758788116, 254.018610210317 -151.597220277673, 254.018610210317 -147.866681506643, 252.322880407155 -142.949031677137, 249.270611290055 -139.896762559742, 245.539961194509 -138.370572338787, 239.774613449532 -138.540223244775, 235.026503210957 -138.709762827899, 231.126424845105 -136.844493442849, 230.278504284368 -133.28349424688, 233.330884726109 -127.178844692404, 233.330884726109 -124.974384817638, 237.570153574856 -119.548116235166, 241.978962005894 -115.478386969222, 247.23569099767 -114.461038144755, 254.527340288159 -114.630577726555, 261.479799083096 -112.59565743447, 263.345068468549 -111.069578537109, 260.971069011582 -104.96492897752, 259.444878790711 -101.743120278298, 252.153340824864 -103.608389663078, 244.861691540703 -103.947580153163, 239.265883378018 -102.421389931945, 234.856963622338 -98.01247018207, 231.295964433724 -93.942740914855, 227.904504827401 -90.5513926331619, 226.887155996358 -87.159933025334, 226.378425924844 -84.6163939798394, 227.597151711224 -76.0423441563712, 236.340741116476 -68.3586276267153, 242.964584775877 -63.8544183882196, 254.092748991782 -67.0338143620027, 263.101278786478 -66.7688739788392, 266.810666856338 -72.0680156978555, 273.169570132623 -75.7774037672281, 272.715275285932 -80.9671184318115, 271.831287211939 -91.0642415270578, 267.075607245782 -95.1191652992428, 266.928999476537 -97.3736076219468, 282.443040310435 -97.7687918180128, 292.58602703594 -97.673391011369, 295.955890661636 -104.657575866889, 300.195159510383 -108.631904327738, 308.734700282806 -117.798396481986, 311.374085415127 -121.132303905278, 312.971520103344 -125.160844960226, 314.569066116203 -127.452913278775, 315.402515144313 -130.439503894742, 323.776189883087 -142.016396981307, 322.103391892971 -145.59821291804, 324.571122363404 -151.554807550674, 322.80993670215 -155.043894358105, 323.776189883087 -160.563337349743, 318.477048164578 -163.212852550428, 312.383085277737 -164.537665809265, 305.494301228892 -166.127419458653, 304.169265326731 -169.354126221606, 315.810612397316 -170.49426044328, 317.764046823607 -173.098913890804, 320.58577327716 -173.858558098125, 323.298851905037 -174.726850125663, 324.384105622381 -170.711333451693, 331.546846938984 -170.81986996044, 335.779325294672 -170.27729875956, 337.190188521448 -173.858558098125, 340.445949667154 -172.773304379804, 342.616457101843 -170.928406461828, 347.283081474324 -172.990377389303, 349.88773491948 -175.595030835042, 357.593047435598 -174.726850125663, 367.903013390544 -176.463211544337, 368.445695908373 -179.393474500739, 365.920079301102 -181.856529558719, 367.360442197357 -183.951562373779, 371.809993561441 -182.86630865534, 373.329393289252 -182.323626137566, 382.893184704091 -187.376863110399, 385.267184167386 -189.920402155539, 386.284644310415 -197.890321097024, 387.810834531285 -202.299240855713, 387.810834531285 -204.673240313586, 385.436723749677 -210.777778557259, 385.267184167386 -216.543237623613, 378.14518578383 -218.408507017287, 369.836187668626 -216.882428113917, 364.748998259141 -216.204047140726, 361.866268724332 -215.695317062175, 356.990363707663 -219.095236952178, 350.674541080648 -217.730237355707, 349.923134516526 -218.299191274751, 345.188382614788 -221.88412415666, 342.693935464354 -223.772770640802, 339.822003926186 -219.256427577562, 335.75227465973 -217.899776944897, 337.617544045183 -223.834775594081, 336.769623484445 -228.41323493524, 336.600083902154 -232.313424622011, 332.360815053407 -230.448155229439, 327.782355715436 -224.852235744019, 329.308545936307 -233.161233858516, 331.173815321759 -234.687424081235, 333.547814785054 -235.535233323844, 333.208624295831 -244.861691587208, 332.191164146474 -248.592341686971, 328.12154620466 -248.422690779748, 321.677817481236 -245.709612149003, 317.806236907386 -248.294450727565, 310.48597851291 -245.539961249059, 306.585900153386 -244.69215200647, 307.603248984429 -247.744421125755, 305.907630499581 -253.679419782645, 303.731668410578 -255.240341684656, 296.411521334417 -254.866419513777, 293.528791799608 -259.953608927953, 291.129968092953 -261.833906445433, 287.351339298046 -264.795672821261, 282.337064155923 -264.53206826293, 277.928255724885 -261.988529221573, 275.215065772367 -260.971069071859, 270.555231886616 -263.066992447023, 268.384724458255 -263.501027139758, 265.020426805187 -266.973861297515, 255.90425106862 -271.314876162847, 258.725866197532 -274.028066118868, 259.81123123319 -277.826509785617, 264.15224609624 -279.128836513665, 267.299470740911 -278.36908098554, 269.4699781756 -278.36908098554, 269.144368666168 -285.314749301207, 267.259173087446 -285.995913263292, 262.415773360032 -285.640358810983, 259.268548715361 -285.748895311798, 256.813174710614 -288.202822174844, 254.35780069954 -290.656749031681))"
http://cgi.di.uoa.gr/witcher/resource/Novigrad_Terrain_32,Novigrad_Terrain_32,"POLYGON ((195.12970902465 -248.090402100648, 193.935918806271 -247.439183082159, 195.021172523615 -244.29195843441, 195.780816731528 -242.012914498052, 198.928152694512 -243.749387234901, 199.362187386665 -246.896611882602, 197.246003864814 -247.493506994499, 195.12970902465 -248.090402100648))"
http://cgi.di.uoa.gr/witcher/resource/Novigrad_Terrain_33,Novigrad_Terrain_33,"POLYGON ((201.532694815027 -253.5166706858, 199.904869904494 -252.757026477328, 200.013406405529 -250.152373030846, 203.269167557563 -248.850046310628, 205.656747994321 -253.19106117661, 201.532694815027 -253.5166706858))"
http://cgi.di.uoa.gr/witcher/resource/Novigrad_Terrain_34,Novigrad_Terrain_34,"POLYGON ((205.982246185439 -247.222110073304, 204.896992468095 -246.896611882602, 203.81173875075 -246.57100237288, 204.354421268579 -243.640850733564, 207.935791930045 -242.881095207225, 210.648870557921 -245.48574865498, 205.982246185439 -247.222110073304))"
http://cgi.di.uoa.gr/witcher/resource/Novigrad_Terrain_35,Novigrad_Terrain_35,"POLYGON ((170.16876224538 -229.74951410779, 167.238499290793 -229.206831589912, 166.370318581845 -226.710714643708, 167.12996278343 -223.563489997223, 171.036942954327 -223.780563005331, 170.602796937533 -226.765038555827, 168.323753008137 -226.276679951284, 169.246257623595 -228.013041363453, 170.16876224538 -229.74951410779))"
http://cgi.di.uoa.gr/witcher/resource/Novigrad_Terrain_36,Novigrad_Terrain_36,"POLYGON ((163.331630438209 -225.082889725158, 161.920767211433 -223.88909950649, 160.835513500416 -220.524801857685, 160.401367483622 -214.989996773253, 161.486621200966 -213.470597039846, 164.742382346672 -218.788329121535, 164.037062051597 -221.935665085956, 163.68429058891 -223.509277402989, 163.331630438209 -225.082889725158))"
http://cgi.di.uoa.gr/witcher/resource/Novigrad_Terrain_37,Novigrad_Terrain_37,"POLYGON ((152.478981965434 -230.075012300097, 150.959582231295 -229.423904591805, 148.137967102384 -225.299962735408, 147.595284584555 -223.672026498937, 152.04483594864 -222.26116327747, 155.409244920022 -224.431670706162, 153.944057780407 -227.253397161647, 153.211575532077 -228.664260389794, 152.478981965434 -230.075012300097))"
http://cgi.di.uoa.gr/witcher/resource/Novigrad_Terrain_38,Novigrad_Terrain_38,"POLYGON ((154.758025901158 -215.53256796653, 154.866562402192 -216.617821685739, 151.665459124265 -214.827358996692, 149.765792012916 -213.904743055555, 147.812357592952 -212.385343320791, 141.300835295213 -211.083016600418, 138.153610650542 -210.214835890679, 138.696181850058 -204.788455989632, 143.796952239334 -199.470723913666, 147.70382108559 -200.990123643106, 151.827874264884 -204.245884790455, 153.781308684848 -207.28457293414, 154.866562402192 -210.431908900522, 155.951816119537 -215.315494965791, 154.758025901158 -215.53256796653))"
http://cgi.di.uoa.gr/witcher/resource/Novigrad_Terrain_39,Novigrad_Terrain_39,"POLYGON ((158.77354257309 -29.301961642288, 158.990504256845 -21.0036501982966, 207.393109412216 -21.0036501982966, 206.199319193836 -28.1081714178111, 205.920686506287 -32.4917103257548, 210.106299358406 -32.7747957963455, 210.323372366803 -38.2011756895999, 208.369826622198 -39.8290006062752, 205.005528969129 -40.8057178167509, 202.183913840218 -45.2553805047349, 199.362187386665 -49.0537128505068, 192.199446070063 -50.8987220865906, 188.292577223807 -52.852156513918, 187.304728062242 -55.438998839624, 189.811976951618 -57.7358538942909, 188.401113724842 -61.425649738539, 184.060098861791 -64.3559126931073, 182.649235635015 -60.0148978302128, 180.478728206654 -52.7436200135778, 177.657001753101 -51.3327567863955, 175.812103834172 -50.2475030681097, 173.858558089567 -47.2088149314889, 171.036942954327 -40.3716831230702, 167.672645301259 -40.1546101149184, 158.882079074124 -40.2631466233818, 158.665006065727 -36.573239460572, 158.77354257309 -29.301961642288))"
http://cgi.di.uoa.gr/witcher/resource/Novigrad_Terrain_4,Novigrad_Terrain_4,"POLYGON ((259.662285754049 -658.956506152216, 253.936122473074 -658.956506152216, 249.53132153929 -655.432687652829, 240.06103850129 -644.86112083572, 244.465839428746 -641.557603610125, 246.88848550761 -639.795638698134, 253.495631242802 -640.015828652418, 254.707900497391 -643.739131682828, 254.142397484829 -648.47343832931, 261.273858026281 -648.399522189846, 261.532453202248 -658.375975005119, 259.662285754049 -658.956506152216))"
http://cgi.di.uoa.gr/witcher/resource/Novigrad_Terrain_5,Novigrad_Terrain_5,"POLYGON ((272.50198714449 -634.368256902787, 246.387881755246 -635.38560573161, 235.874423771694 -640.81198565708, 225.021775292592 -645.729524190807, 225.360965781815 -641.490255321509, 231.635154922947 -636.572605468195, 231.126424845105 -617.411070106793, 233.669963890691 -612.323880674328, 236.5526934255 -609.949881200179, 244.352961462861 -607.067151657941, 252.153340824864 -604.693152183684, 265.821259225728 -603.470307570724, 264.362528617905 -596.723233204938, 260.142072760308 -594.239027436505, 259.444878790711 -591.975234263452, 264.532068200196 -587.735965397233, 268.432257878034 -583.496696530113, 270.975796923619 -582.479236382494, 274.367256529943 -584.344505776063, 276.910795575528 -590.279504452996, 279.284795038823 -596.553693621814, 281.489254913499 -596.723233204938, 281.489254913499 -598.758153506071, 279.454334621114 -599.43642316914, 278.267334889467 -602.827882790056, 279.623985528046 -609.780341616731, 277.758604817952 -610.119420788134, 277.589065235661 -613.341340821042, 279.963064692628 -613.341340821042, 281.319715331208 -615.545800713221, 279.115255456532 -618.258879353206, 279.284795038823 -622.667799124016, 279.115255456532 -627.754877238923, 274.536796118561 -628.772337394087, 273.858526458428 -631.315876452184, 277.589065235661 -633.181257165693, 277.589065235661 -635.894335806207, 272.50198714449 -634.368256902787))"
http://cgi.di.uoa.gr/witcher/resource/Novigrad_Terrain_6,Novigrad_Terrain_6,"POLYGON ((249.609690460965 -677.368416076594, 247.744421075512 -672.691438960407, 255.714340013478 -677.368416076594, 249.609690460965 -677.368416076594))"
http://cgi.di.uoa.gr/witcher/resource/Novigrad_Terrain_7,Novigrad_Terrain_7,"POLYGON ((243.335612638146 -672.352359788149, 240.113692620442 -669.130439752655, 240.113692620442 -665.060710463319, 242.996422148923 -664.891170880187, 244.352961462861 -662.177980913145, 249.101071707764 -664.721631291647, 247.426269969021 -666.938113689238, 245.380996965904 -669.645181078709, 243.707085779998 -671.860550275909, 243.521404871393 -672.106455031183, 243.335612638146 -672.352359788149))"
http://cgi.di.uoa.gr/witcher/resource/Novigrad_Terrain_8,Novigrad_Terrain_8,"POLYGON ((244.692151952085 -659.464902271051, 239.435422960309 -658.108251631693, 234.178693968533 -654.71679200754, 239.265883378018 -653.868982761102, 244.352961462861 -656.582172720367, 244.692151952085 -659.464902271051))"
http://cgi.di.uoa.gr/witcher/resource/Novigrad_Terrain_9,Novigrad_Terrain_9,"POLYGON ((230.4481551913 -677.368416076594, 219.765046300816 -677.368416076594, 222.647775829297 -675.065438437896, 222.478236247006 -672.013169303606, 224.852235710301 -672.013169303606, 226.378425924844 -666.586900693205, 235.535233282471 -667.095630767186, 238.757153300176 -670.317439491218, 238.926692888794 -673.539359525781, 236.21361425459 -674.556708357104, 235.365693693852 -672.521899376982, 232.143884994461 -673.878438698822, 230.4481551913 -677.368416076594))"
http://cgi.di.uoa.gr/witcher/resource/Oxenfurt_Outskirts,Oxenfurt_Outskirts,"POLYGON ((416.510780368207 -315.032711911844, 413.596324778665 -308.673697314811, 415.715959206202 -300.460099998203, 424.989429384015 -299.930219219301, 423.929556514253 -309.998510576108, 416.510780368207 -315.032711911844))"
http://cgi.di.uoa.gr/witcher/resource/Nilfgaardian_Garrison,Nilfgaardian Garrison,"POLYGON ((319.536921034339 -356.100809833773, 313.707898536942 -353.451294629278, 312.648025667181 -347.622272122809, 324.836062752848 -346.297458862492, 326.690756790942 -350.271787327783, 319.536921034339 -356.100809833773))"
http://cgi.di.uoa.gr/witcher/resource/Yantra,Yantra,"POLYGON ((358.983539195851 -60.1131929391602, 353.472445161991 -60.1131929391602, 352.031080394586 -58.163098100116, 352.370270883809 -51.210639304691, 356.94873022178 -47.6496401101412, 363.05326845598 -51.3802902057752, 363.05326845598 -58.163098100116, 358.983539195851 -60.1131929391602))"
http://cgi.di.uoa.gr/witcher/resource/Toderas,Toderas,"POLYGON ((483.544706053085 -451.253148532747, 470.29690741597 -443.387313293178, 480.232728564228 -435.107369548012, 496.792504696529 -444.629304856928, 491.824538460079 -452.909137283529, 479.81873137733 -456.635111968603, 481.681663059215 -453.9440745877, 483.544706053085 -451.253148532747))"
http://cgi.di.uoa.gr/witcher/resource/Condyle,Condyle,"POLYGON ((58.8414790905296 -538.729674451532, 54.263019752559 -535.168675250227, 48.8366398538508 -529.742406650766, 50.5323696570125 -526.859677111818, 60.7067484759822 -527.707486350882, 64.7764777424385 -528.555406921389, 65.4547473962438 -537.373135133031, 62.1481132433867 -538.051404796229, 58.8414790905296 -538.729674451532))"
http://cgi.di.uoa.gr/witcher/resource/Oreton,Oreton,"POLYGON ((193.651052229886 -526.011867867183, 190.937862283695 -524.146487150085, 191.44659235521 -517.872409306144, 196.194591275471 -515.32875893418, 201.451320267247 -520.246408777688, 197.551130589409 -523.129138323209, 195.601147068804 -524.570503094504, 193.651052229886 -526.011867867183))"
http://cgi.di.uoa.gr/witcher/resource/Lurtch,Lurtch,"POLYGON ((385.428152150945 -447.527173847448, 380.460185914495 -444.21530766905, 381.702177468862 -435.107369548012, 394.535978925407 -442.559318917153, 385.428152150945 -447.527173847448))"
http://cgi.di.uoa.gr/witcher/resource/Byways,Byways,"POLYGON ((110.536358178115 -614.366704658781, 107.638377876156 -609.398738399188, 107.638377876156 -594.08095375963, 122.128168073966 -591.183084763575, 122.956162447762 -605.258877836459, 116.746204656946 -609.812735588587, 113.641281420694 -612.089775784833, 110.536358178115 -614.366704658781))"
http://cgi.di.uoa.gr/witcher/resource/Reardon_Manor,Reardon Manor,"POLYGON ((353.964588633937 -345.270759195127, 341.130787177391 -342.372778889356, 345.270759040045 -332.43695772772, 357.690563309692 -326.641108427792, 368.040381644848 -334.506943658796, 363.48652391361 -345.270759195127, 353.964588633937 -345.270759195127))"
http://cgi.di.uoa.gr/witcher/resource/Vegelbud_Residence,Vegelbud Residence,"POLYGON ((465.742938366418 -192.507133164673, 454.565125657465 -187.953164112605, 453.323134096771 -173.877371090182, 463.258955251357 -170.565393599802, 484.372700426882 -178.017342953892, 491.410541273181 -182.571200686279, 485.200694800678 -192.093135977084, 465.742938366418 -192.507133164673))"
http://cgi.di.uoa.gr/witcher/resource/Blackbough,Blackbough,"POLYGON ((131.649992041654 -428.069528685504, 123.784156821558 -423.92955681374, 122.542165260864 -416.063721576556, 120.886176519599 -411.095755329526, 133.305980789246 -418.961701884379, 131.649992041654 -428.069528685504))"
http://cgi.di.uoa.gr/witcher/resource/Fyke_Isle,Fyke Isle,"POLYGON ((196.957686382743 -568.404779140816, 195.537472322712 -561.706685355632, 204.01612133852 -555.082841670213, 213.554531905776 -556.407543616202, 215.271412416311 -566.539398428986, 209.929969289383 -571.796238760401, 205.521049533703 -572.813698914797, 196.957686382743 -568.404779140816))"
http://cgi.di.uoa.gr/witcher/resource/Inn_at_the_Crossroads,Inn at the Crossroads,"POLYGON ((246.740207944679 -371.352359337478, 238.046378357115 -371.766356518635, 236.390389609522 -362.244532541303, 245.498327708626 -357.690563483726, 253.364162928721 -365.970507223235, 246.740207944679 -371.352359337478))"
http://cgi.di.uoa.gr/witcher/resource/Lindenvale,Lindenvale,"POLYGON ((314.502719698947 -444.861072035215, 304.96430913169 -439.82698201181, 297.015652213084 -433.99795950027, 307.348995266985 -431.348332976442, 316.092473347596 -432.673146237796, 315.297652185592 -438.767109134419, 314.90024160459 -441.81414624638, 314.502719698947 -444.861072035215))"
http://cgi.di.uoa.gr/witcher/resource/Crow_s_Perch,Crow's Perch,"POLYGON ((186.868133017239 -427.321016427212, 185.511593703301 -423.420826740246, 180.085325122906 -422.06428742525, 179.915674222302 -417.485828076616, 190.090053041271 -415.451019098466, 199.291944790468 -412.618383329808, 202.977510488118 -418.503288221027, 204.84277987357 -422.91209666838, 210.608238943188 -427.829746499492, 211.116969014702 -431.221206114027, 209.082048722318 -435.290935389915, 204.079684766299 -436.562760571745, 197.746162337597 -433.161950125115, 194.329321890019 -434.273475237968, 190.598783112786 -435.37564951994, 189.336420085568 -432.650103100566, 186.868133017239 -427.321016427212))"
http://cgi.di.uoa.gr/witcher/resource/Oxenfurt,Oxenfurt,"POLYGON ((471.356668967418 -328.810391351609, 466.322578956666 -327.220637700257, 464.467884918573 -321.126674805327, 464.467884918573 -317.152346341709, 465.527646470021 -313.442958267134, 468.442213377876 -309.468629795779, 467.647280897559 -306.024182113144, 460.898759404481 -305.989227789319, 457.843929940858 -302.346631412412, 455.724295513321 -298.340465569414, 453.074780313223 -295.425898657061, 451.749967054017 -291.18662980355, 451.749967054017 -283.237972877051, 452.014907443461 -277.408950374913, 452.544788216022 -274.759323853535, 453.604661092111 -267.340547701114, 456.24315565894 -262.198700418869, 455.266438448958 -253.842280194617, 456.460228667337 -253.625207186656, 458.764208171062 -265.253975164051, 464.491150692887 -268.710334034732, 470.134492275351 -270.012660761683, 471.545355502128 -270.772304970287, 474.475507138401 -276.849792574279, 475.669297356781 -279.997017216008, 475.049470437709 -287.012594172166, 472.956218728904 -291.609309914587, 472.668569163041 -298.297496244027, 473.824399437851 -303.655637300796, 471.328282500058 -304.523929329496, 471.331733399417 -307.45396965091, 476.21197987461 -307.996763493823, 481.855321463401 -308.430798186266, 484.459974908557 -312.880349555033, 487.349494930098 -317.777627922666, 487.688574101007 -325.747435558144, 486.50157436936 -330.495545803413, 480.014765002995 -332.072163753664, 473.207912099825 -331.308066767467, 471.356668967418 -328.810391351609))"
http://cgi.di.uoa.gr/witcher/resource/Novigrad_And_Velen_Map,Novigrad and Velen Map,"POLYGON ((21.0036502117724 -21.0036501982966, 615.670143636147 -21.0036501982966, 615.670143636147 -677.368416076594, 21.0036502117724 -677.368416076594, 21.0036502117724 -21.0036501982966))"
http://cgi.di.uoa.gr/witcher/resource/Novigrad,Novigrad,"POLYGON ((256.632391858427 -193.850425460895, 253.982765333688 -187.756462570507, 257.957093799319 -184.576955272096, 273.324526863972 -185.636716824373, 272.264765312524 -180.072634712655, 270.675011663875 -176.628298349757, 257.427213020431 -177.423119512476, 252.92300378224 -179.669880796039, 248.683623615179 -179.669880796039, 240.470026307129 -175.303485091308, 229.076921701779 -173.978671831156, 222.452966724064 -175.303485091308, 216.623944226668 -163.380499701149, 210.233314901978 -154.658061001381, 213.709488637126 -145.36344011295, 214.811774233621 -139.481429540745, 218.478638264761 -152.2523354823, 223.695180921386 -157.726137483895, 228.026065710331 -162.476140160345, 236.862829524826 -165.500579409284, 238.382117940652 -164.089716183712, 245.870468766686 -165.934614101392, 250.8627026486 -165.609004592156, 253.467244775442 -162.787389456754, 255.420790520048 -157.03551136568, 255.637752203803 -150.849487261982, 254.600254549192 -147.263775141233, 253.697342159408 -143.652125581746, 252.238722876226 -141.707262759729, 250.502361458331 -139.415194440597, 248.557609955412 -138.442818690472, 244.181752086884 -137.887223107707, 239.944932272673 -137.887223107707, 238.555776344838 -137.470442937758, 235.916502537159 -135.247837982185, 235.013478829061 -134.205998868684, 234.249493162626 -132.677916216522, 234.110566439276 -129.205082062174, 236.333171388893 -126.28795480648, 238.833629791537 -123.926423128164, 241.611941647207 -121.912208262719, 245.501444653044 -119.689491987358, 248.48814658741 -118.161520655392, 251.405273848116 -117.466887038195, 255.433814901943 -117.466887038195, 258.837185688044 -116.980754817055, 260.851400558965 -116.008379066188, 261.715239803062 -114.927466807902, 265.296610464527 -110.803413633121, 265.296610464527 -108.090335006546, 263.994283738785 -103.640672315762, 262.366458828253 -101.253203198148, 260.629986092045 -100.276374667998, 255.20371751165 -101.68723789515, 250.211483629737 -102.012847406313, 245.761932259324 -102.121383905939, 242.506171113618 -101.144666696301, 240.552736687326 -99.516730461292, 238.382117940652 -96.0438963063299, 237.513937231704 -94.9586425884274, 235.77757581381 -93.5477793611797, 234.149639578636 -91.5943449414592, 232.73877635186 -89.3153010061896, 230.351195915102 -87.1447935713296, 228.940444006639 -85.7339303439948, 228.614834497207 -84.3230671171721, 236.34730896658 -75.8919515266067, 241.095307886842 -75.3832214560422, 245.504227642521 -71.9918731672091, 249.065226831136 -69.1091436316316, 252.62622601975 -69.7874132854079, 257.882955017854 -71.8222222603029, 262.291763448892 -76.909411669794, 265.513683472924 -79.1138715446348, 269.413761832448 -80.4704108654943, 269.015238055655 -84.0055839336254, 263.987493252054 -85.7271398567496, 263.702849312295 -89.9125300733006, 263.352081598235 -95.0677356938483, 264.753927946698 -98.7570862530037, 267.575654400251 -101.253203198148, 271.699596254904 -102.663955105733, 280.381737299317 -102.663955105733, 284.939825170765 -103.640672315762, 291.342810961141 -107.439115980104, 294.273073915729 -106.788008278283, 294.894125355233 -103.666609761534, 295.580966614098 -105.090052090923, 305.991008795988 -115.688335529155, 309.679468801428 -119.89788207254, 311.797878714861 -123.579106319446, 312.315514346376 -129.815780791591, 313.672053660314 -133.54643088814, 316.046053123609 -137.785699737139, 318.080973415994 -144.738158534146, 318.589592169194 -150.673157187833, 317.402592437547 -161.01707559157, 314.029166587852 -162.839709620879, 302.310786428011 -164.238884298662, 295.527867215364 -164.06934471533, 293.779038019797 -165.408406870951, 290.413181891356 -167.9854530794, 288.109758991855 -169.749199092637, 291.994029980005 -172.988818913795, 291.342810961141 -176.624402165137, 286.710139034974 -175.939342023536, 283.488330329255 -172.887072900019, 280.605600794446 -171.19134309568, 275.68795097358 -171.869612756641, 275.723795843881 -176.693865532464, 274.875986607785 -182.120134109815, 277.41952565337 -185.002863644929, 284.371984448308 -185.850672888064, 285.898063344537 -190.937862299863, 283.863254376793 -193.651052247774, 274.028066040719 -198.059860687113, 268.421348569406 -196.703210047935, 260.292799351449 -196.533781783346, 256.632391858427 -193.850425460895))"
